INSERT INTO SENSOR_DEFINITIONS (ID,DESCRIPTION,LAST_UPDATE,MESSAGE_TYPE,PARAMETERS,TYPE,VISIBILITY,DELETED)
VALUES (1,'Altimeter',{ts '2016-08-09 18:24:57.135000000'},'std_msgs/Float32',null,'ALTIMETER','ALL_VV',0);
INSERT INTO SENSOR_DEFINITIONS (ID,DESCRIPTION,LAST_UPDATE,MESSAGE_TYPE,PARAMETERS,TYPE,VISIBILITY,DELETED)
VALUES (2,'Area of Operations',{ts '2016-08-09 18:24:57.135000000'},'std_msgs/Float32',null,'AREA_OF_OPERATIONS','PRIVILEGED_VV',0);
INSERT INTO SENSOR_DEFINITIONS (ID,DESCRIPTION,LAST_UPDATE,MESSAGE_TYPE,PARAMETERS,TYPE,VISIBILITY,DELETED)
VALUES (3,'Barometer',{ts '2016-08-09 18:24:57.135000000'},'std_msgs/Float32',null,'BAROMETER','ALL_VV',0);
INSERT INTO SENSOR_DEFINITIONS (ID,DESCRIPTION,LAST_UPDATE,MESSAGE_TYPE,PARAMETERS,TYPE,VISIBILITY,DELETED)
VALUES (4,'Battery',{ts '2016-08-09 18:24:57.135000000'},'std_msgs/Float32',null,'BATTERY','PRIVILEGED_VV',0);
INSERT INTO SENSOR_DEFINITIONS (ID,DESCRIPTION,LAST_UPDATE,MESSAGE_TYPE,PARAMETERS,TYPE,VISIBILITY,DELETED)
VALUES (5,'Belly Mounted Camera 640x480',{ts '2016-08-09 18:24:57.135000000'},'sensor_msgs/Image','width=640 height=480 yaw=0 down=1.571 alignment=''north''','CAMERA','ALL_VV',0);
INSERT INTO SENSOR_DEFINITIONS (ID,DESCRIPTION,LAST_UPDATE,MESSAGE_TYPE,PARAMETERS,TYPE,VISIBILITY,DELETED)
VALUES (7,'CO2',{ts '2016-08-09 18:24:57.135000000'},'std_msgs/Float32',null,'CO2','ALL_VV',0);
INSERT INTO SENSOR_DEFINITIONS (ID,DESCRIPTION,LAST_UPDATE,MESSAGE_TYPE,PARAMETERS,TYPE,VISIBILITY,DELETED)
VALUES (9,'GPS',{ts '2016-08-09 18:24:57.135000000'},'sensor_msgs/NavSatFix',null,'GPS','ALL_VV',0);
INSERT INTO SENSOR_DEFINITIONS (ID,DESCRIPTION,LAST_UPDATE,MESSAGE_TYPE,PARAMETERS,TYPE,VISIBILITY,DELETED)
VALUES (10,'Hardware',{ts '2016-08-09 18:24:57.135000000'},'std_msgs/Float32',null,'HARDWARE','PRIVILEGED_VV',0);
INSERT INTO SENSOR_DEFINITIONS (ID,DESCRIPTION,LAST_UPDATE,MESSAGE_TYPE,PARAMETERS,TYPE,VISIBILITY,DELETED)
VALUES (11,'NOx',{ts '2016-08-09 18:24:57.135000000'},'std_msgs/Float32',null,'NOX','ALL_VV',0);
INSERT INTO SENSOR_DEFINITIONS (ID,DESCRIPTION,LAST_UPDATE,MESSAGE_TYPE,PARAMETERS,TYPE,VISIBILITY,DELETED)
VALUES (12,'Thermometer',{ts '2016-08-09 18:24:57.135000000'},'std_msgs/Float32',null,'THERMOMETER','ALL_VV',0);

INSERT INTO REAL_VEHICLES (ID,LAST_UPDATE,NAME,URL,TYPE,AREA_OF_OPERATION,DELETED)
VALUES ( 1,{ts '2016-08-09 18:24:59.567000000'},'GS01','http://localhost:8000','GROUND_STATION','{"type":"FeatureCollection","properties":{"center":[13.040811717510222,47.821922207617014],"zoom":18,"layer":"No map"},"features":[{"type":"Feature","properties":{"type":"depot"},"geometry":{"type":"Point","coordinates":[13.040811717510222,47.821922207617014]}}]}',0);
INSERT INTO REAL_VEHICLES (ID,LAST_UPDATE,NAME,URL,TYPE,AREA_OF_OPERATION,DELETED)
VALUES ( 2,{ts '2016-08-09 18:24:59.568000000'},'RV01','http://localhost:8010','QUADROCOPTER','{"type":"FeatureCollection","properties":{"center":[13.037454987221942,47.81987458509414],"zoom":18,"layer":"No map"},"features":[{"type":"Feature","properties":{"maxAlt":60.0,"minAlt":0.0},"geometry":{"type":"Polygon","coordinates":[[[13.034110515336302,47.817628796883845],[13.034110515336302,47.822120373304436],[13.040799459107584,47.822120373304436],[13.040799459107584,47.817628796883845],[13.034110515336302,47.817628796883845]]]}},{"type":"Feature","properties":{"type":"depot"},"geometry":{"type":"Point","coordinates":[13.037454987221942,47.81987458509414]}}]}',0);
INSERT INTO REAL_VEHICLES (ID,LAST_UPDATE,NAME,URL,TYPE,AREA_OF_OPERATION,DELETED)
VALUES ( 4,{ts '2016-08-09 18:24:59.569000000'},'RV03','http://localhost:8030','QUADROCOPTER','{"type":"FeatureCollection","properties":{"center":[13.037454987221942,47.82436616151474],"zoom":18,"layer":"No map"},"features":[{"type":"Feature","properties":{"maxAlt":60.0,"minAlt":0.0},"geometry":{"type":"Polygon","coordinates":[[[13.034110515336302,47.822120373304436],[13.034110515336302,47.826611949725034],[13.040799459107584,47.826611949725034],[13.040799459107584,47.822120373304436],[13.034110515336302,47.822120373304436]]]}},{"type":"Feature","properties":{"type":"depot"},"geometry":{"type":"Point","coordinates":[13.037454987221942,47.82436616151474]}}]}',0);
INSERT INTO REAL_VEHICLES (ID,LAST_UPDATE,NAME,URL,TYPE,AREA_OF_OPERATION,DELETED)
VALUES ( 3,{ts '2016-08-09 18:24:59.570000000'},'RV02','http://localhost:8020','QUADROCOPTER','{"type":"FeatureCollection","properties":{"center":[13.044143930993222,47.81987458509414],"zoom":18,"layer":"No map"},"features":[{"type":"Feature","properties":{"maxAlt":60.0,"minAlt":0.0},"geometry":{"type":"Polygon","coordinates":[[[13.040799459107584,47.817628796883845],[13.040799459107584,47.822120373304436],[13.047488402878864,47.822120373304436],[13.047488402878864,47.817628796883845],[13.040799459107584,47.817628796883845]]]}},{"type":"Feature","properties":{"type":"depot"},"geometry":{"type":"Point","coordinates":[13.044143930993222,47.81987458509414]}}]}',0);
INSERT INTO REAL_VEHICLES (ID,LAST_UPDATE,NAME,URL,TYPE,AREA_OF_OPERATION,DELETED)
VALUES ( 5,{ts '2016-08-09 18:24:59.571000000'},'RV04','http://localhost:8040','QUADROCOPTER','{"type":"FeatureCollection","properties":{"center":[13.044143930993222,47.82436616151474],"zoom":18,"layer":"No map"},"features":[{"type":"Feature","properties":{"maxAlt":60.0,"minAlt":0.0},"geometry":{"type":"Polygon","coordinates":[[[13.040799459107584,47.822120373304436],[13.040799459107584,47.826611949725034],[13.047488402878864,47.826611949725034],[13.047488402878864,47.822120373304436],[13.040799459107584,47.822120373304436]]]}},{"type":"Feature","properties":{"type":"depot"},"geometry":{"type":"Point","coordinates":[13.044143930993222,47.82436616151474]}}]}',0);

INSERT INTO REAL_VEHICLES_SENSOR_DEFINITIONS (REAL_VEHICLES_ID,SENSORS_ID) VALUES ( 1, 9);
INSERT INTO REAL_VEHICLES_SENSOR_DEFINITIONS (REAL_VEHICLES_ID,SENSORS_ID) VALUES ( 2, 1);
INSERT INTO REAL_VEHICLES_SENSOR_DEFINITIONS (REAL_VEHICLES_ID,SENSORS_ID) VALUES ( 2, 5);
INSERT INTO REAL_VEHICLES_SENSOR_DEFINITIONS (REAL_VEHICLES_ID,SENSORS_ID) VALUES ( 2, 9);
INSERT INTO REAL_VEHICLES_SENSOR_DEFINITIONS (REAL_VEHICLES_ID,SENSORS_ID) VALUES ( 4, 1);
INSERT INTO REAL_VEHICLES_SENSOR_DEFINITIONS (REAL_VEHICLES_ID,SENSORS_ID) VALUES ( 4, 5);
INSERT INTO REAL_VEHICLES_SENSOR_DEFINITIONS (REAL_VEHICLES_ID,SENSORS_ID) VALUES ( 4, 9);
INSERT INTO REAL_VEHICLES_SENSOR_DEFINITIONS (REAL_VEHICLES_ID,SENSORS_ID) VALUES ( 3, 1);
INSERT INTO REAL_VEHICLES_SENSOR_DEFINITIONS (REAL_VEHICLES_ID,SENSORS_ID) VALUES ( 3, 5);
INSERT INTO REAL_VEHICLES_SENSOR_DEFINITIONS (REAL_VEHICLES_ID,SENSORS_ID) VALUES ( 3, 9);
INSERT INTO REAL_VEHICLES_SENSOR_DEFINITIONS (REAL_VEHICLES_ID,SENSORS_ID) VALUES ( 5, 1);
INSERT INTO REAL_VEHICLES_SENSOR_DEFINITIONS (REAL_VEHICLES_ID,SENSORS_ID) VALUES ( 5, 5);
INSERT INTO REAL_VEHICLES_SENSOR_DEFINITIONS (REAL_VEHICLES_ID,SENSORS_ID) VALUES ( 5, 9);

