INSERT INTO SENSOR_DEFINITIONS (ID,DESCRIPTION,LAST_UPDATE,MESSAGE_TYPE,PARAMETERS,TYPE,VISIBILITY,DELETED)
VALUES (1,'Altimeter',{ts '2016-08-09 18:24:57.135000000'},'std_msgs/Float32',null,'ALTIMETER','ALL_VV',0);
INSERT INTO SENSOR_DEFINITIONS (ID,DESCRIPTION,LAST_UPDATE,MESSAGE_TYPE,PARAMETERS,TYPE,VISIBILITY,DELETED)
VALUES (2,'Area of Operations',{ts '2016-08-09 18:24:57.135000000'},'std_msgs/Float32',null,'AREA_OF_OPERATIONS','PRIVILEGED_VV',0);
INSERT INTO SENSOR_DEFINITIONS (ID,DESCRIPTION,LAST_UPDATE,MESSAGE_TYPE,PARAMETERS,TYPE,VISIBILITY,DELETED)
VALUES (3,'Barometer',{ts '2016-08-09 18:24:57.135000000'},'std_msgs/Float32',null,'BAROMETER','ALL_VV',0);
INSERT INTO SENSOR_DEFINITIONS (ID,DESCRIPTION,LAST_UPDATE,MESSAGE_TYPE,PARAMETERS,TYPE,VISIBILITY,DELETED)
VALUES (4,'Battery',{ts '2016-08-09 18:24:57.135000000'},'std_msgs/Float32',null,'BATTERY','PRIVILEGED_VV',0);
INSERT INTO SENSOR_DEFINITIONS (ID,DESCRIPTION,LAST_UPDATE,MESSAGE_TYPE,PARAMETERS,TYPE,VISIBILITY,DELETED)
VALUES (5,'Belly Mounted Camera 640x480',{ts '2016-08-09 18:24:57.135000000'},'sensor_msgs/Image','width=640 height=480 yaw=0 down=1.571 alignment=''north''','CAMERA','ALL_VV',0);
INSERT INTO SENSOR_DEFINITIONS (ID,DESCRIPTION,LAST_UPDATE,MESSAGE_TYPE,PARAMETERS,TYPE,VISIBILITY,DELETED)
VALUES (7,'CO2',{ts '2016-08-09 18:24:57.135000000'},'std_msgs/Float32',null,'CO2','ALL_VV',0);
INSERT INTO SENSOR_DEFINITIONS (ID,DESCRIPTION,LAST_UPDATE,MESSAGE_TYPE,PARAMETERS,TYPE,VISIBILITY,DELETED)
VALUES (9,'GPS',{ts '2016-08-09 18:24:57.135000000'},'sensor_msgs/NavSatFix',null,'GPS','ALL_VV',0);
INSERT INTO SENSOR_DEFINITIONS (ID,DESCRIPTION,LAST_UPDATE,MESSAGE_TYPE,PARAMETERS,TYPE,VISIBILITY,DELETED)
VALUES (10,'Hardware',{ts '2016-08-09 18:24:57.135000000'},'std_msgs/Float32',null,'HARDWARE','PRIVILEGED_VV',0);
INSERT INTO SENSOR_DEFINITIONS (ID,DESCRIPTION,LAST_UPDATE,MESSAGE_TYPE,PARAMETERS,TYPE,VISIBILITY,DELETED)
VALUES (11,'NOx',{ts '2016-08-09 18:24:57.135000000'},'std_msgs/Float32',null,'NOX','ALL_VV',0);
INSERT INTO SENSOR_DEFINITIONS (ID,DESCRIPTION,LAST_UPDATE,MESSAGE_TYPE,PARAMETERS,TYPE,VISIBILITY,DELETED)
VALUES (12,'Thermometer',{ts '2016-08-09 18:24:57.135000000'},'std_msgs/Float32',null,'THERMOMETER','ALL_VV',0);

INSERT INTO REAL_VEHICLES (ID,LAST_UPDATE,NAME,URL,TYPE,AREA_OF_OPERATION,DELETED)
VALUES ( 1,{ts '2016-08-09 18:24:59.615000000'},'GS01','http://localhost:8000','GROUND_STATION','{"type":"FeatureCollection","properties":{"center":[13.040811717510222,47.821922207617014],"zoom":18,"layer":"No map"},"features":[{"type":"Feature","properties":{"type":"depot"},"geometry":{"type":"Point","coordinates":[13.040811717510222,47.821922207617014]}}]}',0);
INSERT INTO REAL_VEHICLES (ID,LAST_UPDATE,NAME,URL,TYPE,AREA_OF_OPERATION,DELETED)
VALUES ( 2,{ts '2016-08-09 18:24:59.615000000'},'RV01','http://localhost:8010','QUADROCOPTER','{"type":"FeatureCollection","properties":{"center":[13.030765175437757,47.81538300867354],"zoom":18,"layer":"No map"},"features":[{"type":"Feature","properties":{"maxAlt":60.0,"minAlt":0.0},"geometry":{"type":"Polygon","coordinates":[[[13.027420992842677,47.81313722046325],[13.027420992842677,47.81762879688385],[13.034109358032838,47.81762879688385],[13.034109358032838,47.81313722046325],[13.027420992842677,47.81313722046325]]]}},{"type":"Feature","properties":{"type":"depot"},"geometry":{"type":"Point","coordinates":[13.030765175437757,47.81538300867354]}}]}',0);
INSERT INTO REAL_VEHICLES (ID,LAST_UPDATE,NAME,URL,TYPE,AREA_OF_OPERATION,DELETED)
VALUES ( 6,{ts '2016-08-09 18:24:59.616000000'},'RV05','http://localhost:8050','QUADROCOPTER','{"type":"FeatureCollection","properties":{"center":[13.030765175437757,47.81987458509415],"zoom":18,"layer":"No map"},"features":[{"type":"Feature","properties":{"maxAlt":60.0,"minAlt":0.0},"geometry":{"type":"Polygon","coordinates":[[[13.027420992842677,47.81762879688385],[13.027420992842677,47.82212037330445],[13.034109358032838,47.82212037330445],[13.034109358032838,47.81762879688385],[13.027420992842677,47.81762879688385]]]}},{"type":"Feature","properties":{"type":"depot"},"geometry":{"type":"Point","coordinates":[13.030765175437757,47.81987458509415]}}]}',0);
INSERT INTO REAL_VEHICLES (ID,LAST_UPDATE,NAME,URL,TYPE,AREA_OF_OPERATION,DELETED)
VALUES (10,{ts '2016-08-09 18:24:59.617000000'},'RV09','http://localhost:8090','QUADROCOPTER','{"type":"FeatureCollection","properties":{"center":[13.030765175437757,47.824366161514746],"zoom":18,"layer":"No map"},"features":[{"type":"Feature","properties":{"maxAlt":60.0,"minAlt":0.0},"geometry":{"type":"Polygon","coordinates":[[[13.027420992842677,47.82212037330445],[13.027420992842677,47.826611949725034],[13.034109358032838,47.826611949725034],[13.034109358032838,47.82212037330445],[13.027420992842677,47.82212037330445]]]}},{"type":"Feature","properties":{"type":"depot"},"geometry":{"type":"Point","coordinates":[13.030765175437757,47.824366161514746]}}]}',0);
INSERT INTO REAL_VEHICLES (ID,LAST_UPDATE,NAME,URL,TYPE,AREA_OF_OPERATION,DELETED)
VALUES (14,{ts '2016-08-09 18:24:59.618000000'},'RV13','http://localhost:8130','QUADROCOPTER','{"type":"FeatureCollection","properties":{"center":[13.030765175437757,47.82885773793534],"zoom":18,"layer":"No map"},"features":[{"type":"Feature","properties":{"maxAlt":60.0,"minAlt":0.0},"geometry":{"type":"Polygon","coordinates":[[[13.027420992842677,47.826611949725034],[13.027420992842677,47.83110352614564],[13.034109358032838,47.83110352614564],[13.034109358032838,47.826611949725034],[13.027420992842677,47.826611949725034]]]}},{"type":"Feature","properties":{"type":"depot"},"geometry":{"type":"Point","coordinates":[13.030765175437757,47.82885773793534]}}]}',0);
INSERT INTO REAL_VEHICLES (ID,LAST_UPDATE,NAME,URL,TYPE,AREA_OF_OPERATION,DELETED)
VALUES ( 3,{ts '2016-08-09 18:24:59.619000000'},'RV02','http://localhost:8020','QUADROCOPTER','{"type":"FeatureCollection","properties":{"center":[13.037453540627917,47.81538300867354],"zoom":18,"layer":"No map"},"features":[{"type":"Feature","properties":{"maxAlt":60.0,"minAlt":0.0},"geometry":{"type":"Polygon","coordinates":[[[13.034109358032838,47.81313722046325],[13.034109358032838,47.81762879688385],[13.040797723222997,47.81762879688385],[13.040797723222997,47.81313722046325],[13.034109358032838,47.81313722046325]]]}},{"type":"Feature","properties":{"type":"depot"},"geometry":{"type":"Point","coordinates":[13.037453540627917,47.81538300867354]}}]}',0);
INSERT INTO REAL_VEHICLES (ID,LAST_UPDATE,NAME,URL,TYPE,AREA_OF_OPERATION,DELETED)
VALUES ( 7,{ts '2016-08-09 18:24:59.620000000'},'RV06','http://localhost:8060','QUADROCOPTER','{"type":"FeatureCollection","properties":{"center":[13.037453540627917,47.81987458509415],"zoom":18,"layer":"No map"},"features":[{"type":"Feature","properties":{"maxAlt":60.0,"minAlt":0.0},"geometry":{"type":"Polygon","coordinates":[[[13.034109358032838,47.81762879688385],[13.034109358032838,47.82212037330445],[13.040797723222997,47.82212037330445],[13.040797723222997,47.81762879688385],[13.034109358032838,47.81762879688385]]]}},{"type":"Feature","properties":{"type":"depot"},"geometry":{"type":"Point","coordinates":[13.037453540627917,47.81987458509415]}}]}',0);
INSERT INTO REAL_VEHICLES (ID,LAST_UPDATE,NAME,URL,TYPE,AREA_OF_OPERATION,DELETED)
VALUES (11,{ts '2016-08-09 18:24:59.621000000'},'RV10','http://localhost:8100','QUADROCOPTER','{"type":"FeatureCollection","properties":{"center":[13.037453540627917,47.824366161514746],"zoom":18,"layer":"No map"},"features":[{"type":"Feature","properties":{"maxAlt":60.0,"minAlt":0.0},"geometry":{"type":"Polygon","coordinates":[[[13.034109358032838,47.82212037330445],[13.034109358032838,47.826611949725034],[13.040797723222997,47.826611949725034],[13.040797723222997,47.82212037330445],[13.034109358032838,47.82212037330445]]]}},{"type":"Feature","properties":{"type":"depot"},"geometry":{"type":"Point","coordinates":[13.037453540627917,47.824366161514746]}}]}',0);
INSERT INTO REAL_VEHICLES (ID,LAST_UPDATE,NAME,URL,TYPE,AREA_OF_OPERATION,DELETED)
VALUES (15,{ts '2016-08-09 18:24:59.622000000'},'RV14','http://localhost:8140','QUADROCOPTER','{"type":"FeatureCollection","properties":{"center":[13.037453540627917,47.82885773793534],"zoom":18,"layer":"No map"},"features":[{"type":"Feature","properties":{"maxAlt":60.0,"minAlt":0.0},"geometry":{"type":"Polygon","coordinates":[[[13.034109358032838,47.826611949725034],[13.034109358032838,47.83110352614564],[13.040797723222997,47.83110352614564],[13.040797723222997,47.826611949725034],[13.034109358032838,47.826611949725034]]]}},{"type":"Feature","properties":{"type":"depot"},"geometry":{"type":"Point","coordinates":[13.037453540627917,47.82885773793534]}}]}',0);
INSERT INTO REAL_VEHICLES (ID,LAST_UPDATE,NAME,URL,TYPE,AREA_OF_OPERATION,DELETED)
VALUES ( 4,{ts '2016-08-09 18:24:59.623000000'},'RV03','http://localhost:8030','QUADROCOPTER','{"type":"FeatureCollection","properties":{"center":[13.04414190581808,47.81538300867354],"zoom":18,"layer":"No map"},"features":[{"type":"Feature","properties":{"maxAlt":60.0,"minAlt":0.0},"geometry":{"type":"Polygon","coordinates":[[[13.040797723222997,47.81313722046325],[13.040797723222997,47.81762879688385],[13.04748608841316,47.81762879688385],[13.04748608841316,47.81313722046325],[13.040797723222997,47.81313722046325]]]}},{"type":"Feature","properties":{"type":"depot"},"geometry":{"type":"Point","coordinates":[13.04414190581808,47.81538300867354]}}]}',0);
INSERT INTO REAL_VEHICLES (ID,LAST_UPDATE,NAME,URL,TYPE,AREA_OF_OPERATION,DELETED)
VALUES ( 8,{ts '2016-08-09 18:24:59.624000000'},'RV07','http://localhost:8070','QUADROCOPTER','{"type":"FeatureCollection","properties":{"center":[13.04414190581808,47.81987458509415],"zoom":18,"layer":"No map"},"features":[{"type":"Feature","properties":{"maxAlt":60.0,"minAlt":0.0},"geometry":{"type":"Polygon","coordinates":[[[13.040797723222997,47.81762879688385],[13.040797723222997,47.82212037330445],[13.04748608841316,47.82212037330445],[13.04748608841316,47.81762879688385],[13.040797723222997,47.81762879688385]]]}},{"type":"Feature","properties":{"type":"depot"},"geometry":{"type":"Point","coordinates":[13.04414190581808,47.81987458509415]}}]}',0);
INSERT INTO REAL_VEHICLES (ID,LAST_UPDATE,NAME,URL,TYPE,AREA_OF_OPERATION,DELETED)
VALUES (12,{ts '2016-08-09 18:24:59.625000000'},'RV11','http://localhost:8110','QUADROCOPTER','{"type":"FeatureCollection","properties":{"center":[13.04414190581808,47.824366161514746],"zoom":18,"layer":"No map"},"features":[{"type":"Feature","properties":{"maxAlt":60.0,"minAlt":0.0},"geometry":{"type":"Polygon","coordinates":[[[13.040797723222997,47.82212037330445],[13.040797723222997,47.826611949725034],[13.04748608841316,47.826611949725034],[13.04748608841316,47.82212037330445],[13.040797723222997,47.82212037330445]]]}},{"type":"Feature","properties":{"type":"depot"},"geometry":{"type":"Point","coordinates":[13.04414190581808,47.824366161514746]}}]}',0);
INSERT INTO REAL_VEHICLES (ID,LAST_UPDATE,NAME,URL,TYPE,AREA_OF_OPERATION,DELETED)
VALUES (16,{ts '2016-08-09 18:24:59.626000000'},'RV15','http://localhost:8150','QUADROCOPTER','{"type":"FeatureCollection","properties":{"center":[13.04414190581808,47.82885773793534],"zoom":18,"layer":"No map"},"features":[{"type":"Feature","properties":{"maxAlt":60.0,"minAlt":0.0},"geometry":{"type":"Polygon","coordinates":[[[13.040797723222997,47.826611949725034],[13.040797723222997,47.83110352614564],[13.04748608841316,47.83110352614564],[13.04748608841316,47.826611949725034],[13.040797723222997,47.826611949725034]]]}},{"type":"Feature","properties":{"type":"depot"},"geometry":{"type":"Point","coordinates":[13.04414190581808,47.82885773793534]}}]}',0);
INSERT INTO REAL_VEHICLES (ID,LAST_UPDATE,NAME,URL,TYPE,AREA_OF_OPERATION,DELETED)
VALUES ( 5,{ts '2016-08-09 18:24:59.627000000'},'RV04','http://localhost:8040','QUADROCOPTER','{"type":"FeatureCollection","properties":{"center":[13.05083027100824,47.81538300867354],"zoom":18,"layer":"No map"},"features":[{"type":"Feature","properties":{"maxAlt":60.0,"minAlt":0.0},"geometry":{"type":"Polygon","coordinates":[[[13.04748608841316,47.81313722046325],[13.04748608841316,47.81762879688385],[13.05417445360332,47.81762879688385],[13.05417445360332,47.81313722046325],[13.04748608841316,47.81313722046325]]]}},{"type":"Feature","properties":{"type":"depot"},"geometry":{"type":"Point","coordinates":[13.05083027100824,47.81538300867354]}}]}',0);
INSERT INTO REAL_VEHICLES (ID,LAST_UPDATE,NAME,URL,TYPE,AREA_OF_OPERATION,DELETED)
VALUES ( 9,{ts '2016-08-09 18:24:59.628000000'},'RV08','http://localhost:8080','QUADROCOPTER','{"type":"FeatureCollection","properties":{"center":[13.05083027100824,47.81987458509415],"zoom":18,"layer":"No map"},"features":[{"type":"Feature","properties":{"maxAlt":60.0,"minAlt":0.0},"geometry":{"type":"Polygon","coordinates":[[[13.04748608841316,47.81762879688385],[13.04748608841316,47.82212037330445],[13.05417445360332,47.82212037330445],[13.05417445360332,47.81762879688385],[13.04748608841316,47.81762879688385]]]}},{"type":"Feature","properties":{"type":"depot"},"geometry":{"type":"Point","coordinates":[13.05083027100824,47.81987458509415]}}]}',0);
INSERT INTO REAL_VEHICLES (ID,LAST_UPDATE,NAME,URL,TYPE,AREA_OF_OPERATION,DELETED)
VALUES (13,{ts '2016-08-09 18:24:59.629000000'},'RV12','http://localhost:8120','QUADROCOPTER','{"type":"FeatureCollection","properties":{"center":[13.05083027100824,47.824366161514746],"zoom":18,"layer":"No map"},"features":[{"type":"Feature","properties":{"maxAlt":60.0,"minAlt":0.0},"geometry":{"type":"Polygon","coordinates":[[[13.04748608841316,47.82212037330445],[13.04748608841316,47.826611949725034],[13.05417445360332,47.826611949725034],[13.05417445360332,47.82212037330445],[13.04748608841316,47.82212037330445]]]}},{"type":"Feature","properties":{"type":"depot"},"geometry":{"type":"Point","coordinates":[13.05083027100824,47.824366161514746]}}]}',0);
INSERT INTO REAL_VEHICLES (ID,LAST_UPDATE,NAME,URL,TYPE,AREA_OF_OPERATION,DELETED)
VALUES (17,{ts '2016-08-09 18:24:59.630000000'},'RV16','http://localhost:8160','QUADROCOPTER','{"type":"FeatureCollection","properties":{"center":[13.05083027100824,47.82885773793534],"zoom":18,"layer":"No map"},"features":[{"type":"Feature","properties":{"maxAlt":60.0,"minAlt":0.0},"geometry":{"type":"Polygon","coordinates":[[[13.04748608841316,47.826611949725034],[13.04748608841316,47.83110352614564],[13.05417445360332,47.83110352614564],[13.05417445360332,47.826611949725034],[13.04748608841316,47.826611949725034]]]}},{"type":"Feature","properties":{"type":"depot"},"geometry":{"type":"Point","coordinates":[13.05083027100824,47.82885773793534]}}]}',0);

INSERT INTO REAL_VEHICLES_SENSOR_DEFINITIONS (REAL_VEHICLES_ID,SENSORS_ID) VALUES ( 1, 9);
INSERT INTO REAL_VEHICLES_SENSOR_DEFINITIONS (REAL_VEHICLES_ID,SENSORS_ID) VALUES ( 2, 1);
INSERT INTO REAL_VEHICLES_SENSOR_DEFINITIONS (REAL_VEHICLES_ID,SENSORS_ID) VALUES ( 2, 5);
INSERT INTO REAL_VEHICLES_SENSOR_DEFINITIONS (REAL_VEHICLES_ID,SENSORS_ID) VALUES ( 2, 9);
INSERT INTO REAL_VEHICLES_SENSOR_DEFINITIONS (REAL_VEHICLES_ID,SENSORS_ID) VALUES ( 6, 1);
INSERT INTO REAL_VEHICLES_SENSOR_DEFINITIONS (REAL_VEHICLES_ID,SENSORS_ID) VALUES ( 6, 5);
INSERT INTO REAL_VEHICLES_SENSOR_DEFINITIONS (REAL_VEHICLES_ID,SENSORS_ID) VALUES ( 6, 9);
INSERT INTO REAL_VEHICLES_SENSOR_DEFINITIONS (REAL_VEHICLES_ID,SENSORS_ID) VALUES (10, 1);
INSERT INTO REAL_VEHICLES_SENSOR_DEFINITIONS (REAL_VEHICLES_ID,SENSORS_ID) VALUES (10, 5);
INSERT INTO REAL_VEHICLES_SENSOR_DEFINITIONS (REAL_VEHICLES_ID,SENSORS_ID) VALUES (10, 9);
INSERT INTO REAL_VEHICLES_SENSOR_DEFINITIONS (REAL_VEHICLES_ID,SENSORS_ID) VALUES (14, 1);
INSERT INTO REAL_VEHICLES_SENSOR_DEFINITIONS (REAL_VEHICLES_ID,SENSORS_ID) VALUES (14, 5);
INSERT INTO REAL_VEHICLES_SENSOR_DEFINITIONS (REAL_VEHICLES_ID,SENSORS_ID) VALUES (14, 9);
INSERT INTO REAL_VEHICLES_SENSOR_DEFINITIONS (REAL_VEHICLES_ID,SENSORS_ID) VALUES ( 3, 1);
INSERT INTO REAL_VEHICLES_SENSOR_DEFINITIONS (REAL_VEHICLES_ID,SENSORS_ID) VALUES ( 3, 5);
INSERT INTO REAL_VEHICLES_SENSOR_DEFINITIONS (REAL_VEHICLES_ID,SENSORS_ID) VALUES ( 3, 9);
INSERT INTO REAL_VEHICLES_SENSOR_DEFINITIONS (REAL_VEHICLES_ID,SENSORS_ID) VALUES ( 7, 1);
INSERT INTO REAL_VEHICLES_SENSOR_DEFINITIONS (REAL_VEHICLES_ID,SENSORS_ID) VALUES ( 7, 5);
INSERT INTO REAL_VEHICLES_SENSOR_DEFINITIONS (REAL_VEHICLES_ID,SENSORS_ID) VALUES ( 7, 9);
INSERT INTO REAL_VEHICLES_SENSOR_DEFINITIONS (REAL_VEHICLES_ID,SENSORS_ID) VALUES (11, 1);
INSERT INTO REAL_VEHICLES_SENSOR_DEFINITIONS (REAL_VEHICLES_ID,SENSORS_ID) VALUES (11, 5);
INSERT INTO REAL_VEHICLES_SENSOR_DEFINITIONS (REAL_VEHICLES_ID,SENSORS_ID) VALUES (11, 9);
INSERT INTO REAL_VEHICLES_SENSOR_DEFINITIONS (REAL_VEHICLES_ID,SENSORS_ID) VALUES (15, 1);
INSERT INTO REAL_VEHICLES_SENSOR_DEFINITIONS (REAL_VEHICLES_ID,SENSORS_ID) VALUES (15, 5);
INSERT INTO REAL_VEHICLES_SENSOR_DEFINITIONS (REAL_VEHICLES_ID,SENSORS_ID) VALUES (15, 9);
INSERT INTO REAL_VEHICLES_SENSOR_DEFINITIONS (REAL_VEHICLES_ID,SENSORS_ID) VALUES ( 4, 1);
INSERT INTO REAL_VEHICLES_SENSOR_DEFINITIONS (REAL_VEHICLES_ID,SENSORS_ID) VALUES ( 4, 5);
INSERT INTO REAL_VEHICLES_SENSOR_DEFINITIONS (REAL_VEHICLES_ID,SENSORS_ID) VALUES ( 4, 9);
INSERT INTO REAL_VEHICLES_SENSOR_DEFINITIONS (REAL_VEHICLES_ID,SENSORS_ID) VALUES ( 8, 1);
INSERT INTO REAL_VEHICLES_SENSOR_DEFINITIONS (REAL_VEHICLES_ID,SENSORS_ID) VALUES ( 8, 5);
INSERT INTO REAL_VEHICLES_SENSOR_DEFINITIONS (REAL_VEHICLES_ID,SENSORS_ID) VALUES ( 8, 9);
INSERT INTO REAL_VEHICLES_SENSOR_DEFINITIONS (REAL_VEHICLES_ID,SENSORS_ID) VALUES (12, 1);
INSERT INTO REAL_VEHICLES_SENSOR_DEFINITIONS (REAL_VEHICLES_ID,SENSORS_ID) VALUES (12, 5);
INSERT INTO REAL_VEHICLES_SENSOR_DEFINITIONS (REAL_VEHICLES_ID,SENSORS_ID) VALUES (12, 9);
INSERT INTO REAL_VEHICLES_SENSOR_DEFINITIONS (REAL_VEHICLES_ID,SENSORS_ID) VALUES (16, 1);
INSERT INTO REAL_VEHICLES_SENSOR_DEFINITIONS (REAL_VEHICLES_ID,SENSORS_ID) VALUES (16, 5);
INSERT INTO REAL_VEHICLES_SENSOR_DEFINITIONS (REAL_VEHICLES_ID,SENSORS_ID) VALUES (16, 9);
INSERT INTO REAL_VEHICLES_SENSOR_DEFINITIONS (REAL_VEHICLES_ID,SENSORS_ID) VALUES ( 5, 1);
INSERT INTO REAL_VEHICLES_SENSOR_DEFINITIONS (REAL_VEHICLES_ID,SENSORS_ID) VALUES ( 5, 5);
INSERT INTO REAL_VEHICLES_SENSOR_DEFINITIONS (REAL_VEHICLES_ID,SENSORS_ID) VALUES ( 5, 9);
INSERT INTO REAL_VEHICLES_SENSOR_DEFINITIONS (REAL_VEHICLES_ID,SENSORS_ID) VALUES ( 9, 1);
INSERT INTO REAL_VEHICLES_SENSOR_DEFINITIONS (REAL_VEHICLES_ID,SENSORS_ID) VALUES ( 9, 5);
INSERT INTO REAL_VEHICLES_SENSOR_DEFINITIONS (REAL_VEHICLES_ID,SENSORS_ID) VALUES ( 9, 9);
INSERT INTO REAL_VEHICLES_SENSOR_DEFINITIONS (REAL_VEHICLES_ID,SENSORS_ID) VALUES (13, 1);
INSERT INTO REAL_VEHICLES_SENSOR_DEFINITIONS (REAL_VEHICLES_ID,SENSORS_ID) VALUES (13, 5);
INSERT INTO REAL_VEHICLES_SENSOR_DEFINITIONS (REAL_VEHICLES_ID,SENSORS_ID) VALUES (13, 9);
INSERT INTO REAL_VEHICLES_SENSOR_DEFINITIONS (REAL_VEHICLES_ID,SENSORS_ID) VALUES (17, 1);
INSERT INTO REAL_VEHICLES_SENSOR_DEFINITIONS (REAL_VEHICLES_ID,SENSORS_ID) VALUES (17, 5);
INSERT INTO REAL_VEHICLES_SENSOR_DEFINITIONS (REAL_VEHICLES_ID,SENSORS_ID) VALUES (17, 9);

