INSERT INTO SENSOR_DEFINITIONS (ID,DESCRIPTION,LAST_UPDATE,MESSAGE_TYPE,PARAMETERS,TYPE,VISIBILITY,DELETED)
VALUES (1,'Altimeter',current_timestamp,'std_msgs/Float32',null,'ALTIMETER','ALL_VV',0);
INSERT INTO SENSOR_DEFINITIONS (ID,DESCRIPTION,LAST_UPDATE,MESSAGE_TYPE,PARAMETERS,TYPE,VISIBILITY,DELETED)
VALUES (2,'Area of Operations',current_timestamp,'std_msgs/Float32',null,'AREA_OF_OPERATIONS','PRIVILEGED_VV',0);
INSERT INTO SENSOR_DEFINITIONS (ID,DESCRIPTION,LAST_UPDATE,MESSAGE_TYPE,PARAMETERS,TYPE,VISIBILITY,DELETED)
VALUES (3,'Barometer',current_timestamp,'std_msgs/Float32',null,'BAROMETER','ALL_VV',0);
INSERT INTO SENSOR_DEFINITIONS (ID,DESCRIPTION,LAST_UPDATE,MESSAGE_TYPE,PARAMETERS,TYPE,VISIBILITY,DELETED)
VALUES (4,'Battery',current_timestamp,'std_msgs/Float32',null,'BATTERY','PRIVILEGED_VV',0);
INSERT INTO SENSOR_DEFINITIONS (ID,DESCRIPTION,LAST_UPDATE,MESSAGE_TYPE,PARAMETERS,TYPE,VISIBILITY,DELETED)
VALUES (5,'Belly Mounted Camera 640x480',current_timestamp,'sensor_msgs/Image','width=640 height=480 yaw=0 down=1.571 alignment=''north''','CAMERA','ALL_VV',0);
INSERT INTO SENSOR_DEFINITIONS (ID,DESCRIPTION,LAST_UPDATE,MESSAGE_TYPE,PARAMETERS,TYPE,VISIBILITY,DELETED)
VALUES (7,'CO2',current_timestamp,'std_msgs/Float32',null,'CO2','ALL_VV',0);
INSERT INTO SENSOR_DEFINITIONS (ID,DESCRIPTION,LAST_UPDATE,MESSAGE_TYPE,PARAMETERS,TYPE,VISIBILITY,DELETED)
VALUES (9,'GPS',current_timestamp,'sensor_msgs/NavSatFix',null,'GPS','ALL_VV',0);
INSERT INTO SENSOR_DEFINITIONS (ID,DESCRIPTION,LAST_UPDATE,MESSAGE_TYPE,PARAMETERS,TYPE,VISIBILITY,DELETED)
VALUES (10,'Hardware',current_timestamp,'std_msgs/Float32',null,'HARDWARE','PRIVILEGED_VV',0);
INSERT INTO SENSOR_DEFINITIONS (ID,DESCRIPTION,LAST_UPDATE,MESSAGE_TYPE,PARAMETERS,TYPE,VISIBILITY,DELETED)
VALUES (11,'NOx',current_timestamp,'std_msgs/Float32',null,'NOX','ALL_VV',0);
INSERT INTO SENSOR_DEFINITIONS (ID,DESCRIPTION,LAST_UPDATE,MESSAGE_TYPE,PARAMETERS,TYPE,VISIBILITY,DELETED)
VALUES (12,'Thermometer',current_timestamp,'std_msgs/Float32',null,'THERMOMETER','ALL_VV',0);

INSERT INTO REAL_VEHICLES (ID,LAST_UPDATE,NAME,URL,TYPE,AREA_OF_OPERATION,DELETED)
VALUES ( 1,current_timestamp,'GS01','http://localhost:8000','GROUND_STATION','{"type":"FeatureCollection","properties":{"center":[13.040811717510222,47.821922207617014],"zoom":18,"layer":"No map"},"features":[{"type":"Feature","properties":{"type":"depot"},"geometry":{"type":"Point","coordinates":[13.040811717510222,47.821922207617014]}}]}',0);
INSERT INTO REAL_VEHICLES (ID,LAST_UPDATE,NAME,URL,TYPE,AREA_OF_OPERATION,DELETED)
VALUES ( 2,current_timestamp,'RV01','http://localhost:8010','QUADROCOPTER','{"type":"FeatureCollection","properties":{"center":[13.039127648524943,47.82099747919929],"zoom":18,"layer":"No map"},"features":[{"type":"Feature","properties":{"maxAlt":60.0,"minAlt":0.0},"geometry":{"type":"Polygon","coordinates":[[[13.03879318108184,47.82077290037826],[13.03879318108184,47.82122205802032],[13.03946211596805,47.82122205802032],[13.03946211596805,47.82077290037826],[13.03879318108184,47.82077290037826]]]}},{"type":"Feature","properties":{"type":"depot"},"geometry":{"type":"Point","coordinates":[13.039127648524943,47.82099747919929]}}]}',0);
INSERT INTO REAL_VEHICLES (ID,LAST_UPDATE,NAME,URL,TYPE,AREA_OF_OPERATION,DELETED)
VALUES ( 8,current_timestamp,'RV07','http://localhost:8070','QUADROCOPTER','{"type":"FeatureCollection","properties":{"center":[13.039127648524943,47.82144663684135],"zoom":18,"layer":"No map"},"features":[{"type":"Feature","properties":{"maxAlt":60.0,"minAlt":0.0},"geometry":{"type":"Polygon","coordinates":[[[13.03879318108184,47.82122205802032],[13.03879318108184,47.82167121566238],[13.03946211596805,47.82167121566238],[13.03946211596805,47.82122205802032],[13.03879318108184,47.82122205802032]]]}},{"type":"Feature","properties":{"type":"depot"},"geometry":{"type":"Point","coordinates":[13.039127648524943,47.82144663684135]}}]}',0);
INSERT INTO REAL_VEHICLES (ID,LAST_UPDATE,NAME,URL,TYPE,AREA_OF_OPERATION,DELETED)
VALUES (14,current_timestamp,'RV13','http://localhost:8130','QUADROCOPTER','{"type":"FeatureCollection","properties":{"center":[13.039127648524943,47.82189579448341],"zoom":18,"layer":"No map"},"features":[{"type":"Feature","properties":{"maxAlt":60.0,"minAlt":0.0},"geometry":{"type":"Polygon","coordinates":[[[13.03879318108184,47.82167121566238],[13.03879318108184,47.822120373304436],[13.03946211596805,47.822120373304436],[13.03946211596805,47.82167121566238],[13.03879318108184,47.82167121566238]]]}},{"type":"Feature","properties":{"type":"depot"},"geometry":{"type":"Point","coordinates":[13.039127648524943,47.82189579448341]}}]}',0);
INSERT INTO REAL_VEHICLES (ID,LAST_UPDATE,NAME,URL,TYPE,AREA_OF_OPERATION,DELETED)
VALUES (20,current_timestamp,'RV19','http://localhost:8190','QUADROCOPTER','{"type":"FeatureCollection","properties":{"center":[13.039127648524943,47.822344952125476],"zoom":18,"layer":"No map"},"features":[{"type":"Feature","properties":{"maxAlt":60.0,"minAlt":0.0},"geometry":{"type":"Polygon","coordinates":[[[13.03879318108184,47.822120373304436],[13.03879318108184,47.822569530946495],[13.03946211596805,47.822569530946495],[13.03946211596805,47.822120373304436],[13.03879318108184,47.822120373304436]]]}},{"type":"Feature","properties":{"type":"depot"},"geometry":{"type":"Point","coordinates":[13.039127648524943,47.822344952125476]}}]}',0);
INSERT INTO REAL_VEHICLES (ID,LAST_UPDATE,NAME,URL,TYPE,AREA_OF_OPERATION,DELETED)
VALUES (26,current_timestamp,'RV25','http://localhost:8250','QUADROCOPTER','{"type":"FeatureCollection","properties":{"center":[13.039127648524943,47.82279410976753],"zoom":18,"layer":"No map"},"features":[{"type":"Feature","properties":{"maxAlt":60.0,"minAlt":0.0},"geometry":{"type":"Polygon","coordinates":[[[13.03879318108184,47.822569530946495],[13.03879318108184,47.823018688588554],[13.03946211596805,47.823018688588554],[13.03946211596805,47.822569530946495],[13.03879318108184,47.822569530946495]]]}},{"type":"Feature","properties":{"type":"depot"},"geometry":{"type":"Point","coordinates":[13.039127648524943,47.82279410976753]}}]}',0);
INSERT INTO REAL_VEHICLES (ID,LAST_UPDATE,NAME,URL,TYPE,AREA_OF_OPERATION,DELETED)
VALUES (32,current_timestamp,'RV31','http://localhost:8310','QUADROCOPTER','{"type":"FeatureCollection","properties":{"center":[13.039127648524943,47.823243267409595],"zoom":18,"layer":"No map"},"features":[{"type":"Feature","properties":{"maxAlt":60.0,"minAlt":0.0},"geometry":{"type":"Polygon","coordinates":[[[13.03879318108184,47.823018688588554],[13.03879318108184,47.82346784623061],[13.03946211596805,47.82346784623061],[13.03946211596805,47.823018688588554],[13.03879318108184,47.823018688588554]]]}},{"type":"Feature","properties":{"type":"depot"},"geometry":{"type":"Point","coordinates":[13.039127648524943,47.823243267409595]}}]}',0);
INSERT INTO REAL_VEHICLES (ID,LAST_UPDATE,NAME,URL,TYPE,AREA_OF_OPERATION,DELETED)
VALUES ( 3,current_timestamp,'RV02','http://localhost:8020','QUADROCOPTER','{"type":"FeatureCollection","properties":{"center":[13.039796583411155,47.82099747919929],"zoom":18,"layer":"No map"},"features":[{"type":"Feature","properties":{"maxAlt":60.0,"minAlt":0.0},"geometry":{"type":"Polygon","coordinates":[[[13.03946211596805,47.82077290037826],[13.03946211596805,47.82122205802032],[13.040131050854258,47.82122205802032],[13.040131050854258,47.82077290037826],[13.03946211596805,47.82077290037826]]]}},{"type":"Feature","properties":{"type":"depot"},"geometry":{"type":"Point","coordinates":[13.039796583411155,47.82099747919929]}}]}',0);
INSERT INTO REAL_VEHICLES (ID,LAST_UPDATE,NAME,URL,TYPE,AREA_OF_OPERATION,DELETED)
VALUES ( 9,current_timestamp,'RV08','http://localhost:8080','QUADROCOPTER','{"type":"FeatureCollection","properties":{"center":[13.039796583411155,47.82144663684135],"zoom":18,"layer":"No map"},"features":[{"type":"Feature","properties":{"maxAlt":60.0,"minAlt":0.0},"geometry":{"type":"Polygon","coordinates":[[[13.03946211596805,47.82122205802032],[13.03946211596805,47.82167121566238],[13.040131050854258,47.82167121566238],[13.040131050854258,47.82122205802032],[13.03946211596805,47.82122205802032]]]}},{"type":"Feature","properties":{"type":"depot"},"geometry":{"type":"Point","coordinates":[13.039796583411155,47.82144663684135]}}]}',0);
INSERT INTO REAL_VEHICLES (ID,LAST_UPDATE,NAME,URL,TYPE,AREA_OF_OPERATION,DELETED)
VALUES (15,current_timestamp,'RV14','http://localhost:8140','QUADROCOPTER','{"type":"FeatureCollection","properties":{"center":[13.039796583411155,47.82189579448341],"zoom":18,"layer":"No map"},"features":[{"type":"Feature","properties":{"maxAlt":60.0,"minAlt":0.0},"geometry":{"type":"Polygon","coordinates":[[[13.03946211596805,47.82167121566238],[13.03946211596805,47.822120373304436],[13.040131050854258,47.822120373304436],[13.040131050854258,47.82167121566238],[13.03946211596805,47.82167121566238]]]}},{"type":"Feature","properties":{"type":"depot"},"geometry":{"type":"Point","coordinates":[13.039796583411155,47.82189579448341]}}]}',0);
INSERT INTO REAL_VEHICLES (ID,LAST_UPDATE,NAME,URL,TYPE,AREA_OF_OPERATION,DELETED)
VALUES (21,current_timestamp,'RV20','http://localhost:8200','QUADROCOPTER','{"type":"FeatureCollection","properties":{"center":[13.039796583411155,47.822344952125476],"zoom":18,"layer":"No map"},"features":[{"type":"Feature","properties":{"maxAlt":60.0,"minAlt":0.0},"geometry":{"type":"Polygon","coordinates":[[[13.03946211596805,47.822120373304436],[13.03946211596805,47.822569530946495],[13.040131050854258,47.822569530946495],[13.040131050854258,47.822120373304436],[13.03946211596805,47.822120373304436]]]}},{"type":"Feature","properties":{"type":"depot"},"geometry":{"type":"Point","coordinates":[13.039796583411155,47.822344952125476]}}]}',0);
INSERT INTO REAL_VEHICLES (ID,LAST_UPDATE,NAME,URL,TYPE,AREA_OF_OPERATION,DELETED)
VALUES (27,current_timestamp,'RV26','http://localhost:8260','QUADROCOPTER','{"type":"FeatureCollection","properties":{"center":[13.039796583411155,47.82279410976753],"zoom":18,"layer":"No map"},"features":[{"type":"Feature","properties":{"maxAlt":60.0,"minAlt":0.0},"geometry":{"type":"Polygon","coordinates":[[[13.03946211596805,47.822569530946495],[13.03946211596805,47.823018688588554],[13.040131050854258,47.823018688588554],[13.040131050854258,47.822569530946495],[13.03946211596805,47.822569530946495]]]}},{"type":"Feature","properties":{"type":"depot"},"geometry":{"type":"Point","coordinates":[13.039796583411155,47.82279410976753]}}]}',0);
INSERT INTO REAL_VEHICLES (ID,LAST_UPDATE,NAME,URL,TYPE,AREA_OF_OPERATION,DELETED)
VALUES (33,current_timestamp,'RV32','http://localhost:8320','QUADROCOPTER','{"type":"FeatureCollection","properties":{"center":[13.039796583411155,47.823243267409595],"zoom":18,"layer":"No map"},"features":[{"type":"Feature","properties":{"maxAlt":60.0,"minAlt":0.0},"geometry":{"type":"Polygon","coordinates":[[[13.03946211596805,47.823018688588554],[13.03946211596805,47.82346784623061],[13.040131050854258,47.82346784623061],[13.040131050854258,47.823018688588554],[13.03946211596805,47.823018688588554]]]}},{"type":"Feature","properties":{"type":"depot"},"geometry":{"type":"Point","coordinates":[13.039796583411155,47.823243267409595]}}]}',0);
INSERT INTO REAL_VEHICLES (ID,LAST_UPDATE,NAME,URL,TYPE,AREA_OF_OPERATION,DELETED)
VALUES ( 4,current_timestamp,'RV03','http://localhost:8030','QUADROCOPTER','{"type":"FeatureCollection","properties":{"center":[13.040465518297363,47.82099747919929],"zoom":18,"layer":"No map"},"features":[{"type":"Feature","properties":{"maxAlt":60.0,"minAlt":0.0},"geometry":{"type":"Polygon","coordinates":[[[13.040131050854258,47.82077290037826],[13.040131050854258,47.82122205802032],[13.040799985740467,47.82122205802032],[13.040799985740467,47.82077290037826],[13.040131050854258,47.82077290037826]]]}},{"type":"Feature","properties":{"type":"depot"},"geometry":{"type":"Point","coordinates":[13.040465518297363,47.82099747919929]}}]}',0);
INSERT INTO REAL_VEHICLES (ID,LAST_UPDATE,NAME,URL,TYPE,AREA_OF_OPERATION,DELETED)
VALUES (10,current_timestamp,'RV09','http://localhost:8090','QUADROCOPTER','{"type":"FeatureCollection","properties":{"center":[13.040465518297363,47.82144663684135],"zoom":18,"layer":"No map"},"features":[{"type":"Feature","properties":{"maxAlt":60.0,"minAlt":0.0},"geometry":{"type":"Polygon","coordinates":[[[13.040131050854258,47.82122205802032],[13.040131050854258,47.82167121566238],[13.040799985740467,47.82167121566238],[13.040799985740467,47.82122205802032],[13.040131050854258,47.82122205802032]]]}},{"type":"Feature","properties":{"type":"depot"},"geometry":{"type":"Point","coordinates":[13.040465518297363,47.82144663684135]}}]}',0);
INSERT INTO REAL_VEHICLES (ID,LAST_UPDATE,NAME,URL,TYPE,AREA_OF_OPERATION,DELETED)
VALUES (16,current_timestamp,'RV15','http://localhost:8150','QUADROCOPTER','{"type":"FeatureCollection","properties":{"center":[13.040465518297363,47.82189579448341],"zoom":18,"layer":"No map"},"features":[{"type":"Feature","properties":{"maxAlt":60.0,"minAlt":0.0},"geometry":{"type":"Polygon","coordinates":[[[13.040131050854258,47.82167121566238],[13.040131050854258,47.822120373304436],[13.040799985740467,47.822120373304436],[13.040799985740467,47.82167121566238],[13.040131050854258,47.82167121566238]]]}},{"type":"Feature","properties":{"type":"depot"},"geometry":{"type":"Point","coordinates":[13.040465518297363,47.82189579448341]}}]}',0);
INSERT INTO REAL_VEHICLES (ID,LAST_UPDATE,NAME,URL,TYPE,AREA_OF_OPERATION,DELETED)
VALUES (22,current_timestamp,'RV21','http://localhost:8210','QUADROCOPTER','{"type":"FeatureCollection","properties":{"center":[13.040465518297363,47.822344952125476],"zoom":18,"layer":"No map"},"features":[{"type":"Feature","properties":{"maxAlt":60.0,"minAlt":0.0},"geometry":{"type":"Polygon","coordinates":[[[13.040131050854258,47.822120373304436],[13.040131050854258,47.822569530946495],[13.040799985740467,47.822569530946495],[13.040799985740467,47.822120373304436],[13.040131050854258,47.822120373304436]]]}},{"type":"Feature","properties":{"type":"depot"},"geometry":{"type":"Point","coordinates":[13.040465518297363,47.822344952125476]}}]}',0);
INSERT INTO REAL_VEHICLES (ID,LAST_UPDATE,NAME,URL,TYPE,AREA_OF_OPERATION,DELETED)
VALUES (28,current_timestamp,'RV27','http://localhost:8270','QUADROCOPTER','{"type":"FeatureCollection","properties":{"center":[13.040465518297363,47.82279410976753],"zoom":18,"layer":"No map"},"features":[{"type":"Feature","properties":{"maxAlt":60.0,"minAlt":0.0},"geometry":{"type":"Polygon","coordinates":[[[13.040131050854258,47.822569530946495],[13.040131050854258,47.823018688588554],[13.040799985740467,47.823018688588554],[13.040799985740467,47.822569530946495],[13.040131050854258,47.822569530946495]]]}},{"type":"Feature","properties":{"type":"depot"},"geometry":{"type":"Point","coordinates":[13.040465518297363,47.82279410976753]}}]}',0);
INSERT INTO REAL_VEHICLES (ID,LAST_UPDATE,NAME,URL,TYPE,AREA_OF_OPERATION,DELETED)
VALUES (34,current_timestamp,'RV33','http://localhost:8330','QUADROCOPTER','{"type":"FeatureCollection","properties":{"center":[13.040465518297363,47.823243267409595],"zoom":18,"layer":"No map"},"features":[{"type":"Feature","properties":{"maxAlt":60.0,"minAlt":0.0},"geometry":{"type":"Polygon","coordinates":[[[13.040131050854258,47.823018688588554],[13.040131050854258,47.82346784623061],[13.040799985740467,47.82346784623061],[13.040799985740467,47.823018688588554],[13.040131050854258,47.823018688588554]]]}},{"type":"Feature","properties":{"type":"depot"},"geometry":{"type":"Point","coordinates":[13.040465518297363,47.823243267409595]}}]}',0);
INSERT INTO REAL_VEHICLES (ID,LAST_UPDATE,NAME,URL,TYPE,AREA_OF_OPERATION,DELETED)
VALUES ( 5,current_timestamp,'RV04','http://localhost:8040','QUADROCOPTER','{"type":"FeatureCollection","properties":{"center":[13.041134453183574,47.82099747919929],"zoom":18,"layer":"No map"},"features":[{"type":"Feature","properties":{"maxAlt":60.0,"minAlt":0.0},"geometry":{"type":"Polygon","coordinates":[[[13.040799985740467,47.82077290037826],[13.040799985740467,47.82122205802032],[13.041468920626675,47.82122205802032],[13.041468920626675,47.82077290037826],[13.040799985740467,47.82077290037826]]]}},{"type":"Feature","properties":{"type":"depot"},"geometry":{"type":"Point","coordinates":[13.041134453183574,47.82099747919929]}}]}',0);
INSERT INTO REAL_VEHICLES (ID,LAST_UPDATE,NAME,URL,TYPE,AREA_OF_OPERATION,DELETED)
VALUES (11,current_timestamp,'RV10','http://localhost:8100','QUADROCOPTER','{"type":"FeatureCollection","properties":{"center":[13.041134453183574,47.82144663684135],"zoom":18,"layer":"No map"},"features":[{"type":"Feature","properties":{"maxAlt":60.0,"minAlt":0.0},"geometry":{"type":"Polygon","coordinates":[[[13.040799985740467,47.82122205802032],[13.040799985740467,47.82167121566238],[13.041468920626675,47.82167121566238],[13.041468920626675,47.82122205802032],[13.040799985740467,47.82122205802032]]]}},{"type":"Feature","properties":{"type":"depot"},"geometry":{"type":"Point","coordinates":[13.041134453183574,47.82144663684135]}}]}',0);
INSERT INTO REAL_VEHICLES (ID,LAST_UPDATE,NAME,URL,TYPE,AREA_OF_OPERATION,DELETED)
VALUES (17,current_timestamp,'RV16','http://localhost:8160','QUADROCOPTER','{"type":"FeatureCollection","properties":{"center":[13.041134453183574,47.82189579448341],"zoom":18,"layer":"No map"},"features":[{"type":"Feature","properties":{"maxAlt":60.0,"minAlt":0.0},"geometry":{"type":"Polygon","coordinates":[[[13.040799985740467,47.82167121566238],[13.040799985740467,47.822120373304436],[13.041468920626675,47.822120373304436],[13.041468920626675,47.82167121566238],[13.040799985740467,47.82167121566238]]]}},{"type":"Feature","properties":{"type":"depot"},"geometry":{"type":"Point","coordinates":[13.041134453183574,47.82189579448341]}}]}',0);
INSERT INTO REAL_VEHICLES (ID,LAST_UPDATE,NAME,URL,TYPE,AREA_OF_OPERATION,DELETED)
VALUES (23,current_timestamp,'RV22','http://localhost:8220','QUADROCOPTER','{"type":"FeatureCollection","properties":{"center":[13.041134453183574,47.822344952125476],"zoom":18,"layer":"No map"},"features":[{"type":"Feature","properties":{"maxAlt":60.0,"minAlt":0.0},"geometry":{"type":"Polygon","coordinates":[[[13.040799985740467,47.822120373304436],[13.040799985740467,47.822569530946495],[13.041468920626675,47.822569530946495],[13.041468920626675,47.822120373304436],[13.040799985740467,47.822120373304436]]]}},{"type":"Feature","properties":{"type":"depot"},"geometry":{"type":"Point","coordinates":[13.041134453183574,47.822344952125476]}}]}',0);
INSERT INTO REAL_VEHICLES (ID,LAST_UPDATE,NAME,URL,TYPE,AREA_OF_OPERATION,DELETED)
VALUES (29,current_timestamp,'RV28','http://localhost:8280','QUADROCOPTER','{"type":"FeatureCollection","properties":{"center":[13.041134453183574,47.82279410976753],"zoom":18,"layer":"No map"},"features":[{"type":"Feature","properties":{"maxAlt":60.0,"minAlt":0.0},"geometry":{"type":"Polygon","coordinates":[[[13.040799985740467,47.822569530946495],[13.040799985740467,47.823018688588554],[13.041468920626675,47.823018688588554],[13.041468920626675,47.822569530946495],[13.040799985740467,47.822569530946495]]]}},{"type":"Feature","properties":{"type":"depot"},"geometry":{"type":"Point","coordinates":[13.041134453183574,47.82279410976753]}}]}',0);
INSERT INTO REAL_VEHICLES (ID,LAST_UPDATE,NAME,URL,TYPE,AREA_OF_OPERATION,DELETED)
VALUES (35,current_timestamp,'RV34','http://localhost:8340','QUADROCOPTER','{"type":"FeatureCollection","properties":{"center":[13.041134453183574,47.823243267409595],"zoom":18,"layer":"No map"},"features":[{"type":"Feature","properties":{"maxAlt":60.0,"minAlt":0.0},"geometry":{"type":"Polygon","coordinates":[[[13.040799985740467,47.823018688588554],[13.040799985740467,47.82346784623061],[13.041468920626675,47.82346784623061],[13.041468920626675,47.823018688588554],[13.040799985740467,47.823018688588554]]]}},{"type":"Feature","properties":{"type":"depot"},"geometry":{"type":"Point","coordinates":[13.041134453183574,47.823243267409595]}}]}',0);
INSERT INTO REAL_VEHICLES (ID,LAST_UPDATE,NAME,URL,TYPE,AREA_OF_OPERATION,DELETED)
VALUES ( 6,current_timestamp,'RV05','http://localhost:8050','QUADROCOPTER','{"type":"FeatureCollection","properties":{"center":[13.041803388069779,47.82099747919929],"zoom":18,"layer":"No map"},"features":[{"type":"Feature","properties":{"maxAlt":60.0,"minAlt":0.0},"geometry":{"type":"Polygon","coordinates":[[[13.041468920626675,47.82077290037826],[13.041468920626675,47.82122205802032],[13.042137855512886,47.82122205802032],[13.042137855512886,47.82077290037826],[13.041468920626675,47.82077290037826]]]}},{"type":"Feature","properties":{"type":"depot"},"geometry":{"type":"Point","coordinates":[13.041803388069779,47.82099747919929]}}]}',0);
INSERT INTO REAL_VEHICLES (ID,LAST_UPDATE,NAME,URL,TYPE,AREA_OF_OPERATION,DELETED)
VALUES (12,current_timestamp,'RV11','http://localhost:8110','QUADROCOPTER','{"type":"FeatureCollection","properties":{"center":[13.041803388069779,47.82144663684135],"zoom":18,"layer":"No map"},"features":[{"type":"Feature","properties":{"maxAlt":60.0,"minAlt":0.0},"geometry":{"type":"Polygon","coordinates":[[[13.041468920626675,47.82122205802032],[13.041468920626675,47.82167121566238],[13.042137855512886,47.82167121566238],[13.042137855512886,47.82122205802032],[13.041468920626675,47.82122205802032]]]}},{"type":"Feature","properties":{"type":"depot"},"geometry":{"type":"Point","coordinates":[13.041803388069779,47.82144663684135]}}]}',0);
INSERT INTO REAL_VEHICLES (ID,LAST_UPDATE,NAME,URL,TYPE,AREA_OF_OPERATION,DELETED)
VALUES (18,current_timestamp,'RV17','http://localhost:8170','QUADROCOPTER','{"type":"FeatureCollection","properties":{"center":[13.041803388069779,47.82189579448341],"zoom":18,"layer":"No map"},"features":[{"type":"Feature","properties":{"maxAlt":60.0,"minAlt":0.0},"geometry":{"type":"Polygon","coordinates":[[[13.041468920626675,47.82167121566238],[13.041468920626675,47.822120373304436],[13.042137855512886,47.822120373304436],[13.042137855512886,47.82167121566238],[13.041468920626675,47.82167121566238]]]}},{"type":"Feature","properties":{"type":"depot"},"geometry":{"type":"Point","coordinates":[13.041803388069779,47.82189579448341]}}]}',0);
INSERT INTO REAL_VEHICLES (ID,LAST_UPDATE,NAME,URL,TYPE,AREA_OF_OPERATION,DELETED)
VALUES (24,current_timestamp,'RV23','http://localhost:8230','QUADROCOPTER','{"type":"FeatureCollection","properties":{"center":[13.041803388069779,47.822344952125476],"zoom":18,"layer":"No map"},"features":[{"type":"Feature","properties":{"maxAlt":60.0,"minAlt":0.0},"geometry":{"type":"Polygon","coordinates":[[[13.041468920626675,47.822120373304436],[13.041468920626675,47.822569530946495],[13.042137855512886,47.822569530946495],[13.042137855512886,47.822120373304436],[13.041468920626675,47.822120373304436]]]}},{"type":"Feature","properties":{"type":"depot"},"geometry":{"type":"Point","coordinates":[13.041803388069779,47.822344952125476]}}]}',0);
INSERT INTO REAL_VEHICLES (ID,LAST_UPDATE,NAME,URL,TYPE,AREA_OF_OPERATION,DELETED)
VALUES (30,current_timestamp,'RV29','http://localhost:8290','QUADROCOPTER','{"type":"FeatureCollection","properties":{"center":[13.041803388069779,47.82279410976753],"zoom":18,"layer":"No map"},"features":[{"type":"Feature","properties":{"maxAlt":60.0,"minAlt":0.0},"geometry":{"type":"Polygon","coordinates":[[[13.041468920626675,47.822569530946495],[13.041468920626675,47.823018688588554],[13.042137855512886,47.823018688588554],[13.042137855512886,47.822569530946495],[13.041468920626675,47.822569530946495]]]}},{"type":"Feature","properties":{"type":"depot"},"geometry":{"type":"Point","coordinates":[13.041803388069779,47.82279410976753]}}]}',0);
INSERT INTO REAL_VEHICLES (ID,LAST_UPDATE,NAME,URL,TYPE,AREA_OF_OPERATION,DELETED)
VALUES (36,current_timestamp,'RV35','http://localhost:8350','QUADROCOPTER','{"type":"FeatureCollection","properties":{"center":[13.041803388069779,47.823243267409595],"zoom":18,"layer":"No map"},"features":[{"type":"Feature","properties":{"maxAlt":60.0,"minAlt":0.0},"geometry":{"type":"Polygon","coordinates":[[[13.041468920626675,47.823018688588554],[13.041468920626675,47.82346784623061],[13.042137855512886,47.82346784623061],[13.042137855512886,47.823018688588554],[13.041468920626675,47.823018688588554]]]}},{"type":"Feature","properties":{"type":"depot"},"geometry":{"type":"Point","coordinates":[13.041803388069779,47.823243267409595]}}]}',0);
INSERT INTO REAL_VEHICLES (ID,LAST_UPDATE,NAME,URL,TYPE,AREA_OF_OPERATION,DELETED)
VALUES ( 7,current_timestamp,'RV06','http://localhost:8060','QUADROCOPTER','{"type":"FeatureCollection","properties":{"center":[13.04247232295599,47.82099747919929],"zoom":18,"layer":"No map"},"features":[{"type":"Feature","properties":{"maxAlt":60.0,"minAlt":0.0},"geometry":{"type":"Polygon","coordinates":[[[13.042137855512886,47.82077290037826],[13.042137855512886,47.82122205802032],[13.042806790399094,47.82122205802032],[13.042806790399094,47.82077290037826],[13.042137855512886,47.82077290037826]]]}},{"type":"Feature","properties":{"type":"depot"},"geometry":{"type":"Point","coordinates":[13.04247232295599,47.82099747919929]}}]}',0);
INSERT INTO REAL_VEHICLES (ID,LAST_UPDATE,NAME,URL,TYPE,AREA_OF_OPERATION,DELETED)
VALUES (13,current_timestamp,'RV12','http://localhost:8120','QUADROCOPTER','{"type":"FeatureCollection","properties":{"center":[13.04247232295599,47.82144663684135],"zoom":18,"layer":"No map"},"features":[{"type":"Feature","properties":{"maxAlt":60.0,"minAlt":0.0},"geometry":{"type":"Polygon","coordinates":[[[13.042137855512886,47.82122205802032],[13.042137855512886,47.82167121566238],[13.042806790399094,47.82167121566238],[13.042806790399094,47.82122205802032],[13.042137855512886,47.82122205802032]]]}},{"type":"Feature","properties":{"type":"depot"},"geometry":{"type":"Point","coordinates":[13.04247232295599,47.82144663684135]}}]}',0);
INSERT INTO REAL_VEHICLES (ID,LAST_UPDATE,NAME,URL,TYPE,AREA_OF_OPERATION,DELETED)
VALUES (19,current_timestamp,'RV18','http://localhost:8180','QUADROCOPTER','{"type":"FeatureCollection","properties":{"center":[13.04247232295599,47.82189579448341],"zoom":18,"layer":"No map"},"features":[{"type":"Feature","properties":{"maxAlt":60.0,"minAlt":0.0},"geometry":{"type":"Polygon","coordinates":[[[13.042137855512886,47.82167121566238],[13.042137855512886,47.822120373304436],[13.042806790399094,47.822120373304436],[13.042806790399094,47.82167121566238],[13.042137855512886,47.82167121566238]]]}},{"type":"Feature","properties":{"type":"depot"},"geometry":{"type":"Point","coordinates":[13.04247232295599,47.82189579448341]}}]}',0);
INSERT INTO REAL_VEHICLES (ID,LAST_UPDATE,NAME,URL,TYPE,AREA_OF_OPERATION,DELETED)
VALUES (25,current_timestamp,'RV24','http://localhost:8240','QUADROCOPTER','{"type":"FeatureCollection","properties":{"center":[13.04247232295599,47.822344952125476],"zoom":18,"layer":"No map"},"features":[{"type":"Feature","properties":{"maxAlt":60.0,"minAlt":0.0},"geometry":{"type":"Polygon","coordinates":[[[13.042137855512886,47.822120373304436],[13.042137855512886,47.822569530946495],[13.042806790399094,47.822569530946495],[13.042806790399094,47.822120373304436],[13.042137855512886,47.822120373304436]]]}},{"type":"Feature","properties":{"type":"depot"},"geometry":{"type":"Point","coordinates":[13.04247232295599,47.822344952125476]}}]}',0);
INSERT INTO REAL_VEHICLES (ID,LAST_UPDATE,NAME,URL,TYPE,AREA_OF_OPERATION,DELETED)
VALUES (31,current_timestamp,'RV30','http://localhost:8300','QUADROCOPTER','{"type":"FeatureCollection","properties":{"center":[13.04247232295599,47.82279410976753],"zoom":18,"layer":"No map"},"features":[{"type":"Feature","properties":{"maxAlt":60.0,"minAlt":0.0},"geometry":{"type":"Polygon","coordinates":[[[13.042137855512886,47.822569530946495],[13.042137855512886,47.823018688588554],[13.042806790399094,47.823018688588554],[13.042806790399094,47.822569530946495],[13.042137855512886,47.822569530946495]]]}},{"type":"Feature","properties":{"type":"depot"},"geometry":{"type":"Point","coordinates":[13.04247232295599,47.82279410976753]}}]}',0);
INSERT INTO REAL_VEHICLES (ID,LAST_UPDATE,NAME,URL,TYPE,AREA_OF_OPERATION,DELETED)
VALUES (37,current_timestamp,'RV36','http://localhost:8360','QUADROCOPTER','{"type":"FeatureCollection","properties":{"center":[13.04247232295599,47.823243267409595],"zoom":18,"layer":"No map"},"features":[{"type":"Feature","properties":{"maxAlt":60.0,"minAlt":0.0},"geometry":{"type":"Polygon","coordinates":[[[13.042137855512886,47.823018688588554],[13.042137855512886,47.82346784623061],[13.042806790399094,47.82346784623061],[13.042806790399094,47.823018688588554],[13.042137855512886,47.823018688588554]]]}},{"type":"Feature","properties":{"type":"depot"},"geometry":{"type":"Point","coordinates":[13.04247232295599,47.823243267409595]}}]}',0);

INSERT INTO REAL_VEHICLES_SENSOR_DEFINITIONS (REAL_VEHICLES_ID,SENSORS_ID) VALUES ( 1, 9);
INSERT INTO REAL_VEHICLES_SENSOR_DEFINITIONS (REAL_VEHICLES_ID,SENSORS_ID) VALUES ( 2, 1);
INSERT INTO REAL_VEHICLES_SENSOR_DEFINITIONS (REAL_VEHICLES_ID,SENSORS_ID) VALUES ( 2, 5);
INSERT INTO REAL_VEHICLES_SENSOR_DEFINITIONS (REAL_VEHICLES_ID,SENSORS_ID) VALUES ( 2, 9);
INSERT INTO REAL_VEHICLES_SENSOR_DEFINITIONS (REAL_VEHICLES_ID,SENSORS_ID) VALUES ( 8, 1);
INSERT INTO REAL_VEHICLES_SENSOR_DEFINITIONS (REAL_VEHICLES_ID,SENSORS_ID) VALUES ( 8, 5);
INSERT INTO REAL_VEHICLES_SENSOR_DEFINITIONS (REAL_VEHICLES_ID,SENSORS_ID) VALUES ( 8, 9);
INSERT INTO REAL_VEHICLES_SENSOR_DEFINITIONS (REAL_VEHICLES_ID,SENSORS_ID) VALUES (14, 1);
INSERT INTO REAL_VEHICLES_SENSOR_DEFINITIONS (REAL_VEHICLES_ID,SENSORS_ID) VALUES (14, 5);
INSERT INTO REAL_VEHICLES_SENSOR_DEFINITIONS (REAL_VEHICLES_ID,SENSORS_ID) VALUES (14, 9);
INSERT INTO REAL_VEHICLES_SENSOR_DEFINITIONS (REAL_VEHICLES_ID,SENSORS_ID) VALUES (20, 1);
INSERT INTO REAL_VEHICLES_SENSOR_DEFINITIONS (REAL_VEHICLES_ID,SENSORS_ID) VALUES (20, 5);
INSERT INTO REAL_VEHICLES_SENSOR_DEFINITIONS (REAL_VEHICLES_ID,SENSORS_ID) VALUES (20, 9);
INSERT INTO REAL_VEHICLES_SENSOR_DEFINITIONS (REAL_VEHICLES_ID,SENSORS_ID) VALUES (26, 1);
INSERT INTO REAL_VEHICLES_SENSOR_DEFINITIONS (REAL_VEHICLES_ID,SENSORS_ID) VALUES (26, 5);
INSERT INTO REAL_VEHICLES_SENSOR_DEFINITIONS (REAL_VEHICLES_ID,SENSORS_ID) VALUES (26, 9);
INSERT INTO REAL_VEHICLES_SENSOR_DEFINITIONS (REAL_VEHICLES_ID,SENSORS_ID) VALUES (32, 1);
INSERT INTO REAL_VEHICLES_SENSOR_DEFINITIONS (REAL_VEHICLES_ID,SENSORS_ID) VALUES (32, 5);
INSERT INTO REAL_VEHICLES_SENSOR_DEFINITIONS (REAL_VEHICLES_ID,SENSORS_ID) VALUES (32, 9);
INSERT INTO REAL_VEHICLES_SENSOR_DEFINITIONS (REAL_VEHICLES_ID,SENSORS_ID) VALUES ( 3, 1);
INSERT INTO REAL_VEHICLES_SENSOR_DEFINITIONS (REAL_VEHICLES_ID,SENSORS_ID) VALUES ( 3, 5);
INSERT INTO REAL_VEHICLES_SENSOR_DEFINITIONS (REAL_VEHICLES_ID,SENSORS_ID) VALUES ( 3, 9);
INSERT INTO REAL_VEHICLES_SENSOR_DEFINITIONS (REAL_VEHICLES_ID,SENSORS_ID) VALUES ( 9, 1);
INSERT INTO REAL_VEHICLES_SENSOR_DEFINITIONS (REAL_VEHICLES_ID,SENSORS_ID) VALUES ( 9, 5);
INSERT INTO REAL_VEHICLES_SENSOR_DEFINITIONS (REAL_VEHICLES_ID,SENSORS_ID) VALUES ( 9, 9);
INSERT INTO REAL_VEHICLES_SENSOR_DEFINITIONS (REAL_VEHICLES_ID,SENSORS_ID) VALUES (15, 1);
INSERT INTO REAL_VEHICLES_SENSOR_DEFINITIONS (REAL_VEHICLES_ID,SENSORS_ID) VALUES (15, 5);
INSERT INTO REAL_VEHICLES_SENSOR_DEFINITIONS (REAL_VEHICLES_ID,SENSORS_ID) VALUES (15, 9);
INSERT INTO REAL_VEHICLES_SENSOR_DEFINITIONS (REAL_VEHICLES_ID,SENSORS_ID) VALUES (21, 1);
INSERT INTO REAL_VEHICLES_SENSOR_DEFINITIONS (REAL_VEHICLES_ID,SENSORS_ID) VALUES (21, 5);
INSERT INTO REAL_VEHICLES_SENSOR_DEFINITIONS (REAL_VEHICLES_ID,SENSORS_ID) VALUES (21, 9);
INSERT INTO REAL_VEHICLES_SENSOR_DEFINITIONS (REAL_VEHICLES_ID,SENSORS_ID) VALUES (27, 1);
INSERT INTO REAL_VEHICLES_SENSOR_DEFINITIONS (REAL_VEHICLES_ID,SENSORS_ID) VALUES (27, 5);
INSERT INTO REAL_VEHICLES_SENSOR_DEFINITIONS (REAL_VEHICLES_ID,SENSORS_ID) VALUES (27, 9);
INSERT INTO REAL_VEHICLES_SENSOR_DEFINITIONS (REAL_VEHICLES_ID,SENSORS_ID) VALUES (33, 1);
INSERT INTO REAL_VEHICLES_SENSOR_DEFINITIONS (REAL_VEHICLES_ID,SENSORS_ID) VALUES (33, 5);
INSERT INTO REAL_VEHICLES_SENSOR_DEFINITIONS (REAL_VEHICLES_ID,SENSORS_ID) VALUES (33, 9);
INSERT INTO REAL_VEHICLES_SENSOR_DEFINITIONS (REAL_VEHICLES_ID,SENSORS_ID) VALUES ( 4, 1);
INSERT INTO REAL_VEHICLES_SENSOR_DEFINITIONS (REAL_VEHICLES_ID,SENSORS_ID) VALUES ( 4, 5);
INSERT INTO REAL_VEHICLES_SENSOR_DEFINITIONS (REAL_VEHICLES_ID,SENSORS_ID) VALUES ( 4, 9);
INSERT INTO REAL_VEHICLES_SENSOR_DEFINITIONS (REAL_VEHICLES_ID,SENSORS_ID) VALUES (10, 1);
INSERT INTO REAL_VEHICLES_SENSOR_DEFINITIONS (REAL_VEHICLES_ID,SENSORS_ID) VALUES (10, 5);
INSERT INTO REAL_VEHICLES_SENSOR_DEFINITIONS (REAL_VEHICLES_ID,SENSORS_ID) VALUES (10, 9);
INSERT INTO REAL_VEHICLES_SENSOR_DEFINITIONS (REAL_VEHICLES_ID,SENSORS_ID) VALUES (16, 1);
INSERT INTO REAL_VEHICLES_SENSOR_DEFINITIONS (REAL_VEHICLES_ID,SENSORS_ID) VALUES (16, 5);
INSERT INTO REAL_VEHICLES_SENSOR_DEFINITIONS (REAL_VEHICLES_ID,SENSORS_ID) VALUES (16, 9);
INSERT INTO REAL_VEHICLES_SENSOR_DEFINITIONS (REAL_VEHICLES_ID,SENSORS_ID) VALUES (22, 1);
INSERT INTO REAL_VEHICLES_SENSOR_DEFINITIONS (REAL_VEHICLES_ID,SENSORS_ID) VALUES (22, 5);
INSERT INTO REAL_VEHICLES_SENSOR_DEFINITIONS (REAL_VEHICLES_ID,SENSORS_ID) VALUES (22, 9);
INSERT INTO REAL_VEHICLES_SENSOR_DEFINITIONS (REAL_VEHICLES_ID,SENSORS_ID) VALUES (28, 1);
INSERT INTO REAL_VEHICLES_SENSOR_DEFINITIONS (REAL_VEHICLES_ID,SENSORS_ID) VALUES (28, 5);
INSERT INTO REAL_VEHICLES_SENSOR_DEFINITIONS (REAL_VEHICLES_ID,SENSORS_ID) VALUES (28, 9);
INSERT INTO REAL_VEHICLES_SENSOR_DEFINITIONS (REAL_VEHICLES_ID,SENSORS_ID) VALUES (34, 1);
INSERT INTO REAL_VEHICLES_SENSOR_DEFINITIONS (REAL_VEHICLES_ID,SENSORS_ID) VALUES (34, 5);
INSERT INTO REAL_VEHICLES_SENSOR_DEFINITIONS (REAL_VEHICLES_ID,SENSORS_ID) VALUES (34, 9);
INSERT INTO REAL_VEHICLES_SENSOR_DEFINITIONS (REAL_VEHICLES_ID,SENSORS_ID) VALUES ( 5, 1);
INSERT INTO REAL_VEHICLES_SENSOR_DEFINITIONS (REAL_VEHICLES_ID,SENSORS_ID) VALUES ( 5, 5);
INSERT INTO REAL_VEHICLES_SENSOR_DEFINITIONS (REAL_VEHICLES_ID,SENSORS_ID) VALUES ( 5, 9);
INSERT INTO REAL_VEHICLES_SENSOR_DEFINITIONS (REAL_VEHICLES_ID,SENSORS_ID) VALUES (11, 1);
INSERT INTO REAL_VEHICLES_SENSOR_DEFINITIONS (REAL_VEHICLES_ID,SENSORS_ID) VALUES (11, 5);
INSERT INTO REAL_VEHICLES_SENSOR_DEFINITIONS (REAL_VEHICLES_ID,SENSORS_ID) VALUES (11, 9);
INSERT INTO REAL_VEHICLES_SENSOR_DEFINITIONS (REAL_VEHICLES_ID,SENSORS_ID) VALUES (17, 1);
INSERT INTO REAL_VEHICLES_SENSOR_DEFINITIONS (REAL_VEHICLES_ID,SENSORS_ID) VALUES (17, 5);
INSERT INTO REAL_VEHICLES_SENSOR_DEFINITIONS (REAL_VEHICLES_ID,SENSORS_ID) VALUES (17, 9);
INSERT INTO REAL_VEHICLES_SENSOR_DEFINITIONS (REAL_VEHICLES_ID,SENSORS_ID) VALUES (23, 1);
INSERT INTO REAL_VEHICLES_SENSOR_DEFINITIONS (REAL_VEHICLES_ID,SENSORS_ID) VALUES (23, 5);
INSERT INTO REAL_VEHICLES_SENSOR_DEFINITIONS (REAL_VEHICLES_ID,SENSORS_ID) VALUES (23, 9);
INSERT INTO REAL_VEHICLES_SENSOR_DEFINITIONS (REAL_VEHICLES_ID,SENSORS_ID) VALUES (29, 1);
INSERT INTO REAL_VEHICLES_SENSOR_DEFINITIONS (REAL_VEHICLES_ID,SENSORS_ID) VALUES (29, 5);
INSERT INTO REAL_VEHICLES_SENSOR_DEFINITIONS (REAL_VEHICLES_ID,SENSORS_ID) VALUES (29, 9);
INSERT INTO REAL_VEHICLES_SENSOR_DEFINITIONS (REAL_VEHICLES_ID,SENSORS_ID) VALUES (35, 1);
INSERT INTO REAL_VEHICLES_SENSOR_DEFINITIONS (REAL_VEHICLES_ID,SENSORS_ID) VALUES (35, 5);
INSERT INTO REAL_VEHICLES_SENSOR_DEFINITIONS (REAL_VEHICLES_ID,SENSORS_ID) VALUES (35, 9);
INSERT INTO REAL_VEHICLES_SENSOR_DEFINITIONS (REAL_VEHICLES_ID,SENSORS_ID) VALUES ( 6, 1);
INSERT INTO REAL_VEHICLES_SENSOR_DEFINITIONS (REAL_VEHICLES_ID,SENSORS_ID) VALUES ( 6, 5);
INSERT INTO REAL_VEHICLES_SENSOR_DEFINITIONS (REAL_VEHICLES_ID,SENSORS_ID) VALUES ( 6, 9);
INSERT INTO REAL_VEHICLES_SENSOR_DEFINITIONS (REAL_VEHICLES_ID,SENSORS_ID) VALUES (12, 1);
INSERT INTO REAL_VEHICLES_SENSOR_DEFINITIONS (REAL_VEHICLES_ID,SENSORS_ID) VALUES (12, 5);
INSERT INTO REAL_VEHICLES_SENSOR_DEFINITIONS (REAL_VEHICLES_ID,SENSORS_ID) VALUES (12, 9);
INSERT INTO REAL_VEHICLES_SENSOR_DEFINITIONS (REAL_VEHICLES_ID,SENSORS_ID) VALUES (18, 1);
INSERT INTO REAL_VEHICLES_SENSOR_DEFINITIONS (REAL_VEHICLES_ID,SENSORS_ID) VALUES (18, 5);
INSERT INTO REAL_VEHICLES_SENSOR_DEFINITIONS (REAL_VEHICLES_ID,SENSORS_ID) VALUES (18, 9);
INSERT INTO REAL_VEHICLES_SENSOR_DEFINITIONS (REAL_VEHICLES_ID,SENSORS_ID) VALUES (24, 1);
INSERT INTO REAL_VEHICLES_SENSOR_DEFINITIONS (REAL_VEHICLES_ID,SENSORS_ID) VALUES (24, 5);
INSERT INTO REAL_VEHICLES_SENSOR_DEFINITIONS (REAL_VEHICLES_ID,SENSORS_ID) VALUES (24, 9);
INSERT INTO REAL_VEHICLES_SENSOR_DEFINITIONS (REAL_VEHICLES_ID,SENSORS_ID) VALUES (30, 1);
INSERT INTO REAL_VEHICLES_SENSOR_DEFINITIONS (REAL_VEHICLES_ID,SENSORS_ID) VALUES (30, 5);
INSERT INTO REAL_VEHICLES_SENSOR_DEFINITIONS (REAL_VEHICLES_ID,SENSORS_ID) VALUES (30, 9);
INSERT INTO REAL_VEHICLES_SENSOR_DEFINITIONS (REAL_VEHICLES_ID,SENSORS_ID) VALUES (36, 1);
INSERT INTO REAL_VEHICLES_SENSOR_DEFINITIONS (REAL_VEHICLES_ID,SENSORS_ID) VALUES (36, 5);
INSERT INTO REAL_VEHICLES_SENSOR_DEFINITIONS (REAL_VEHICLES_ID,SENSORS_ID) VALUES (36, 9);
INSERT INTO REAL_VEHICLES_SENSOR_DEFINITIONS (REAL_VEHICLES_ID,SENSORS_ID) VALUES ( 7, 1);
INSERT INTO REAL_VEHICLES_SENSOR_DEFINITIONS (REAL_VEHICLES_ID,SENSORS_ID) VALUES ( 7, 5);
INSERT INTO REAL_VEHICLES_SENSOR_DEFINITIONS (REAL_VEHICLES_ID,SENSORS_ID) VALUES ( 7, 9);
INSERT INTO REAL_VEHICLES_SENSOR_DEFINITIONS (REAL_VEHICLES_ID,SENSORS_ID) VALUES (13, 1);
INSERT INTO REAL_VEHICLES_SENSOR_DEFINITIONS (REAL_VEHICLES_ID,SENSORS_ID) VALUES (13, 5);
INSERT INTO REAL_VEHICLES_SENSOR_DEFINITIONS (REAL_VEHICLES_ID,SENSORS_ID) VALUES (13, 9);
INSERT INTO REAL_VEHICLES_SENSOR_DEFINITIONS (REAL_VEHICLES_ID,SENSORS_ID) VALUES (19, 1);
INSERT INTO REAL_VEHICLES_SENSOR_DEFINITIONS (REAL_VEHICLES_ID,SENSORS_ID) VALUES (19, 5);
INSERT INTO REAL_VEHICLES_SENSOR_DEFINITIONS (REAL_VEHICLES_ID,SENSORS_ID) VALUES (19, 9);
INSERT INTO REAL_VEHICLES_SENSOR_DEFINITIONS (REAL_VEHICLES_ID,SENSORS_ID) VALUES (25, 1);
INSERT INTO REAL_VEHICLES_SENSOR_DEFINITIONS (REAL_VEHICLES_ID,SENSORS_ID) VALUES (25, 5);
INSERT INTO REAL_VEHICLES_SENSOR_DEFINITIONS (REAL_VEHICLES_ID,SENSORS_ID) VALUES (25, 9);
INSERT INTO REAL_VEHICLES_SENSOR_DEFINITIONS (REAL_VEHICLES_ID,SENSORS_ID) VALUES (31, 1);
INSERT INTO REAL_VEHICLES_SENSOR_DEFINITIONS (REAL_VEHICLES_ID,SENSORS_ID) VALUES (31, 5);
INSERT INTO REAL_VEHICLES_SENSOR_DEFINITIONS (REAL_VEHICLES_ID,SENSORS_ID) VALUES (31, 9);
INSERT INTO REAL_VEHICLES_SENSOR_DEFINITIONS (REAL_VEHICLES_ID,SENSORS_ID) VALUES (37, 1);
INSERT INTO REAL_VEHICLES_SENSOR_DEFINITIONS (REAL_VEHICLES_ID,SENSORS_ID) VALUES (37, 5);
INSERT INTO REAL_VEHICLES_SENSOR_DEFINITIONS (REAL_VEHICLES_ID,SENSORS_ID) VALUES (37, 9);

