INSERT INTO SENSOR_DEFINITIONS (ID,DESCRIPTION,LAST_UPDATE,MESSAGE_TYPE,PARAMETERS,TYPE,VISIBILITY,DELETED)
VALUES (1,'Altimeter',{ts '2016-08-11 14:05:23.403000000'},'std_msgs/Float32',null,'ALTIMETER','ALL_VV',0);
INSERT INTO SENSOR_DEFINITIONS (ID,DESCRIPTION,LAST_UPDATE,MESSAGE_TYPE,PARAMETERS,TYPE,VISIBILITY,DELETED)
VALUES (2,'Area of Operations',{ts '2016-08-11 14:05:23.403000000'},'std_msgs/Float32',null,'AREA_OF_OPERATIONS','PRIVILEGED_VV',0);
INSERT INTO SENSOR_DEFINITIONS (ID,DESCRIPTION,LAST_UPDATE,MESSAGE_TYPE,PARAMETERS,TYPE,VISIBILITY,DELETED)
VALUES (3,'Barometer',{ts '2016-08-11 14:05:23.403000000'},'std_msgs/Float32',null,'BAROMETER','ALL_VV',0);
INSERT INTO SENSOR_DEFINITIONS (ID,DESCRIPTION,LAST_UPDATE,MESSAGE_TYPE,PARAMETERS,TYPE,VISIBILITY,DELETED)
VALUES (4,'Battery',{ts '2016-08-11 14:05:23.403000000'},'std_msgs/Float32',null,'BATTERY','PRIVILEGED_VV',0);
INSERT INTO SENSOR_DEFINITIONS (ID,DESCRIPTION,LAST_UPDATE,MESSAGE_TYPE,PARAMETERS,TYPE,VISIBILITY,DELETED)
VALUES (5,'Belly Mounted Camera 640x480',{ts '2016-08-11 14:05:23.403000000'},'sensor_msgs/Image','width=640 height=480 yaw=0 down=1.571 alignment=''north''','CAMERA','ALL_VV',0);
INSERT INTO SENSOR_DEFINITIONS (ID,DESCRIPTION,LAST_UPDATE,MESSAGE_TYPE,PARAMETERS,TYPE,VISIBILITY,DELETED)
VALUES (7,'CO2',{ts '2016-08-11 14:05:23.403000000'},'std_msgs/Float32',null,'CO2','ALL_VV',0);
INSERT INTO SENSOR_DEFINITIONS (ID,DESCRIPTION,LAST_UPDATE,MESSAGE_TYPE,PARAMETERS,TYPE,VISIBILITY,DELETED)
VALUES (9,'GPS',{ts '2016-08-11 14:05:23.403000000'},'sensor_msgs/NavSatFix',null,'GPS','ALL_VV',0);
INSERT INTO SENSOR_DEFINITIONS (ID,DESCRIPTION,LAST_UPDATE,MESSAGE_TYPE,PARAMETERS,TYPE,VISIBILITY,DELETED)
VALUES (10,'Hardware',{ts '2016-08-11 14:05:23.403000000'},'std_msgs/Float32',null,'HARDWARE','PRIVILEGED_VV',0);
INSERT INTO SENSOR_DEFINITIONS (ID,DESCRIPTION,LAST_UPDATE,MESSAGE_TYPE,PARAMETERS,TYPE,VISIBILITY,DELETED)
VALUES (11,'NOx',{ts '2016-08-11 14:05:23.403000000'},'std_msgs/Float32',null,'NOX','ALL_VV',0);
INSERT INTO SENSOR_DEFINITIONS (ID,DESCRIPTION,LAST_UPDATE,MESSAGE_TYPE,PARAMETERS,TYPE,VISIBILITY,DELETED)
VALUES (12,'Thermometer',{ts '2016-08-11 14:05:23.403000000'},'std_msgs/Float32',null,'THERMOMETER','ALL_VV',0);

INSERT INTO REAL_VEHICLES (ID,LAST_UPDATE,NAME,URL,TYPE,AREA_OF_OPERATION,DELETED)
VALUES ( 1,{ts '2016-08-11 14:05:23.818000000'},'GS01','http://localhost:8000','GROUND_STATION','{"type":"FeatureCollection","properties":{"center":[13.040811717510222,47.821922207617014],"zoom":18,"layer":"No map"},"features":[{"type":"Feature","properties":{"type":"depot"},"geometry":{"type":"Point","coordinates":[13.040811717510222,47.821922207617014]}}]}',0);
INSERT INTO REAL_VEHICLES (ID,LAST_UPDATE,NAME,URL,TYPE,AREA_OF_OPERATION,DELETED)
VALUES ( 2,{ts '2016-08-11 14:05:23.822000000'},'RV01','http://localhost:8010','QUADROCOPTER','{"type":"FeatureCollection","properties":{"center":[12.940399462104384,47.754746726995464],"zoom":18,"layer":"No map"},"features":[{"type":"Feature","properties":{"maxAlt":60.0,"minAlt":0.0},"geometry":{"type":"Polygon","coordinates":[[[12.907009587957448,47.73228884489247],[12.907009587957448,47.777204609098455],[12.973789336251325,47.777204609098455],[12.973789336251325,47.73228884489247],[12.907009587957448,47.73228884489247]]]}},{"type":"Feature","properties":{"type":"depot"},"geometry":{"type":"Point","coordinates":[12.940399462104384,47.754746726995464]}}]}',0);
INSERT INTO REAL_VEHICLES (ID,LAST_UPDATE,NAME,URL,TYPE,AREA_OF_OPERATION,DELETED)
VALUES ( 6,{ts '2016-08-11 14:05:23.825000000'},'RV05','http://localhost:8050','QUADROCOPTER','{"type":"FeatureCollection","properties":{"center":[12.940399462104384,47.79966249120144],"zoom":18,"layer":"No map"},"features":[{"type":"Feature","properties":{"maxAlt":60.0,"minAlt":0.0},"geometry":{"type":"Polygon","coordinates":[[[12.907009587957448,47.777204609098455],[12.907009587957448,47.82212037330443],[12.973789336251325,47.82212037330443],[12.973789336251325,47.777204609098455],[12.907009587957448,47.777204609098455]]]}},{"type":"Feature","properties":{"type":"depot"},"geometry":{"type":"Point","coordinates":[12.940399462104384,47.79966249120144]}}]}',0);
INSERT INTO REAL_VEHICLES (ID,LAST_UPDATE,NAME,URL,TYPE,AREA_OF_OPERATION,DELETED)
VALUES (10,{ts '2016-08-11 14:05:23.828000000'},'RV09','http://localhost:8090','QUADROCOPTER','{"type":"FeatureCollection","properties":{"center":[12.940399462104384,47.84457825540742],"zoom":18,"layer":"No map"},"features":[{"type":"Feature","properties":{"maxAlt":60.0,"minAlt":0.0},"geometry":{"type":"Polygon","coordinates":[[[12.907009587957448,47.82212037330443],[12.907009587957448,47.867036137510404],[12.973789336251325,47.867036137510404],[12.973789336251325,47.82212037330443],[12.907009587957448,47.82212037330443]]]}},{"type":"Feature","properties":{"type":"depot"},"geometry":{"type":"Point","coordinates":[12.940399462104384,47.84457825540742]}}]}',0);
INSERT INTO REAL_VEHICLES (ID,LAST_UPDATE,NAME,URL,TYPE,AREA_OF_OPERATION,DELETED)
VALUES (14,{ts '2016-08-11 14:05:23.832000000'},'RV13','http://localhost:8130','QUADROCOPTER','{"type":"FeatureCollection","properties":{"center":[12.940399462104384,47.889494019613394],"zoom":18,"layer":"No map"},"features":[{"type":"Feature","properties":{"maxAlt":60.0,"minAlt":0.0},"geometry":{"type":"Polygon","coordinates":[[[12.907009587957448,47.867036137510404],[12.907009587957448,47.911951901716385],[12.973789336251325,47.911951901716385],[12.973789336251325,47.867036137510404],[12.907009587957448,47.867036137510404]]]}},{"type":"Feature","properties":{"type":"depot"},"geometry":{"type":"Point","coordinates":[12.940399462104384,47.889494019613394]}}]}',0);
INSERT INTO REAL_VEHICLES (ID,LAST_UPDATE,NAME,URL,TYPE,AREA_OF_OPERATION,DELETED)
VALUES ( 3,{ts '2016-08-11 14:05:23.835000000'},'RV02','http://localhost:8020','QUADROCOPTER','{"type":"FeatureCollection","properties":{"center":[13.007179210398263,47.754746726995464],"zoom":18,"layer":"No map"},"features":[{"type":"Feature","properties":{"maxAlt":60.0,"minAlt":0.0},"geometry":{"type":"Polygon","coordinates":[[[12.973789336251325,47.73228884489247],[12.973789336251325,47.777204609098455],[13.040569084545202,47.777204609098455],[13.040569084545202,47.73228884489247],[12.973789336251325,47.73228884489247]]]}},{"type":"Feature","properties":{"type":"depot"},"geometry":{"type":"Point","coordinates":[13.007179210398263,47.754746726995464]}}]}',0);
INSERT INTO REAL_VEHICLES (ID,LAST_UPDATE,NAME,URL,TYPE,AREA_OF_OPERATION,DELETED)
VALUES ( 7,{ts '2016-08-11 14:05:23.839000000'},'RV06','http://localhost:8060','QUADROCOPTER','{"type":"FeatureCollection","properties":{"center":[13.007179210398263,47.79966249120144],"zoom":18,"layer":"No map"},"features":[{"type":"Feature","properties":{"maxAlt":60.0,"minAlt":0.0},"geometry":{"type":"Polygon","coordinates":[[[12.973789336251325,47.777204609098455],[12.973789336251325,47.82212037330443],[13.040569084545202,47.82212037330443],[13.040569084545202,47.777204609098455],[12.973789336251325,47.777204609098455]]]}},{"type":"Feature","properties":{"type":"depot"},"geometry":{"type":"Point","coordinates":[13.007179210398263,47.79966249120144]}}]}',0);
INSERT INTO REAL_VEHICLES (ID,LAST_UPDATE,NAME,URL,TYPE,AREA_OF_OPERATION,DELETED)
VALUES (11,{ts '2016-08-11 14:05:23.842000000'},'RV10','http://localhost:8100','QUADROCOPTER','{"type":"FeatureCollection","properties":{"center":[13.007179210398263,47.84457825540742],"zoom":18,"layer":"No map"},"features":[{"type":"Feature","properties":{"maxAlt":60.0,"minAlt":0.0},"geometry":{"type":"Polygon","coordinates":[[[12.973789336251325,47.82212037330443],[12.973789336251325,47.867036137510404],[13.040569084545202,47.867036137510404],[13.040569084545202,47.82212037330443],[12.973789336251325,47.82212037330443]]]}},{"type":"Feature","properties":{"type":"depot"},"geometry":{"type":"Point","coordinates":[13.007179210398263,47.84457825540742]}}]}',0);
INSERT INTO REAL_VEHICLES (ID,LAST_UPDATE,NAME,URL,TYPE,AREA_OF_OPERATION,DELETED)
VALUES (15,{ts '2016-08-11 14:05:23.846000000'},'RV14','http://localhost:8140','QUADROCOPTER','{"type":"FeatureCollection","properties":{"center":[13.007179210398263,47.889494019613394],"zoom":18,"layer":"No map"},"features":[{"type":"Feature","properties":{"maxAlt":60.0,"minAlt":0.0},"geometry":{"type":"Polygon","coordinates":[[[12.973789336251325,47.867036137510404],[12.973789336251325,47.911951901716385],[13.040569084545202,47.911951901716385],[13.040569084545202,47.867036137510404],[12.973789336251325,47.867036137510404]]]}},{"type":"Feature","properties":{"type":"depot"},"geometry":{"type":"Point","coordinates":[13.007179210398263,47.889494019613394]}}]}',0);
INSERT INTO REAL_VEHICLES (ID,LAST_UPDATE,NAME,URL,TYPE,AREA_OF_OPERATION,DELETED)
VALUES ( 4,{ts '2016-08-11 14:05:23.849000000'},'RV03','http://localhost:8030','QUADROCOPTER','{"type":"FeatureCollection","properties":{"center":[13.07395895869214,47.754746726995464],"zoom":18,"layer":"No map"},"features":[{"type":"Feature","properties":{"maxAlt":60.0,"minAlt":0.0},"geometry":{"type":"Polygon","coordinates":[[[13.040569084545202,47.73228884489247],[13.040569084545202,47.777204609098455],[13.107348832839078,47.777204609098455],[13.107348832839078,47.73228884489247],[13.040569084545202,47.73228884489247]]]}},{"type":"Feature","properties":{"type":"depot"},"geometry":{"type":"Point","coordinates":[13.07395895869214,47.754746726995464]}}]}',0);
INSERT INTO REAL_VEHICLES (ID,LAST_UPDATE,NAME,URL,TYPE,AREA_OF_OPERATION,DELETED)
VALUES ( 8,{ts '2016-08-11 14:05:23.852000000'},'RV07','http://localhost:8070','QUADROCOPTER','{"type":"FeatureCollection","properties":{"center":[13.07395895869214,47.79966249120144],"zoom":18,"layer":"No map"},"features":[{"type":"Feature","properties":{"maxAlt":60.0,"minAlt":0.0},"geometry":{"type":"Polygon","coordinates":[[[13.040569084545202,47.777204609098455],[13.040569084545202,47.82212037330443],[13.107348832839078,47.82212037330443],[13.107348832839078,47.777204609098455],[13.040569084545202,47.777204609098455]]]}},{"type":"Feature","properties":{"type":"depot"},"geometry":{"type":"Point","coordinates":[13.07395895869214,47.79966249120144]}}]}',0);
INSERT INTO REAL_VEHICLES (ID,LAST_UPDATE,NAME,URL,TYPE,AREA_OF_OPERATION,DELETED)
VALUES (12,{ts '2016-08-11 14:05:23.855000000'},'RV11','http://localhost:8110','QUADROCOPTER','{"type":"FeatureCollection","properties":{"center":[13.07395895869214,47.84457825540742],"zoom":18,"layer":"No map"},"features":[{"type":"Feature","properties":{"maxAlt":60.0,"minAlt":0.0},"geometry":{"type":"Polygon","coordinates":[[[13.040569084545202,47.82212037330443],[13.040569084545202,47.867036137510404],[13.107348832839078,47.867036137510404],[13.107348832839078,47.82212037330443],[13.040569084545202,47.82212037330443]]]}},{"type":"Feature","properties":{"type":"depot"},"geometry":{"type":"Point","coordinates":[13.07395895869214,47.84457825540742]}}]}',0);
INSERT INTO REAL_VEHICLES (ID,LAST_UPDATE,NAME,URL,TYPE,AREA_OF_OPERATION,DELETED)
VALUES (16,{ts '2016-08-11 14:05:23.858000000'},'RV15','http://localhost:8150','QUADROCOPTER','{"type":"FeatureCollection","properties":{"center":[13.07395895869214,47.889494019613394],"zoom":18,"layer":"No map"},"features":[{"type":"Feature","properties":{"maxAlt":60.0,"minAlt":0.0},"geometry":{"type":"Polygon","coordinates":[[[13.040569084545202,47.867036137510404],[13.040569084545202,47.911951901716385],[13.107348832839078,47.911951901716385],[13.107348832839078,47.867036137510404],[13.040569084545202,47.867036137510404]]]}},{"type":"Feature","properties":{"type":"depot"},"geometry":{"type":"Point","coordinates":[13.07395895869214,47.889494019613394]}}]}',0);
INSERT INTO REAL_VEHICLES (ID,LAST_UPDATE,NAME,URL,TYPE,AREA_OF_OPERATION,DELETED)
VALUES ( 5,{ts '2016-08-11 14:05:23.861000000'},'RV04','http://localhost:8040','QUADROCOPTER','{"type":"FeatureCollection","properties":{"center":[13.140738706986015,47.754746726995464],"zoom":18,"layer":"No map"},"features":[{"type":"Feature","properties":{"maxAlt":60.0,"minAlt":0.0},"geometry":{"type":"Polygon","coordinates":[[[13.107348832839078,47.73228884489247],[13.107348832839078,47.777204609098455],[13.174128581132953,47.777204609098455],[13.174128581132953,47.73228884489247],[13.107348832839078,47.73228884489247]]]}},{"type":"Feature","properties":{"type":"depot"},"geometry":{"type":"Point","coordinates":[13.140738706986015,47.754746726995464]}}]}',0);
INSERT INTO REAL_VEHICLES (ID,LAST_UPDATE,NAME,URL,TYPE,AREA_OF_OPERATION,DELETED)
VALUES ( 9,{ts '2016-08-11 14:05:23.864000000'},'RV08','http://localhost:8080','QUADROCOPTER','{"type":"FeatureCollection","properties":{"center":[13.140738706986015,47.79966249120144],"zoom":18,"layer":"No map"},"features":[{"type":"Feature","properties":{"maxAlt":60.0,"minAlt":0.0},"geometry":{"type":"Polygon","coordinates":[[[13.107348832839078,47.777204609098455],[13.107348832839078,47.82212037330443],[13.174128581132953,47.82212037330443],[13.174128581132953,47.777204609098455],[13.107348832839078,47.777204609098455]]]}},{"type":"Feature","properties":{"type":"depot"},"geometry":{"type":"Point","coordinates":[13.140738706986015,47.79966249120144]}}]}',0);
INSERT INTO REAL_VEHICLES (ID,LAST_UPDATE,NAME,URL,TYPE,AREA_OF_OPERATION,DELETED)
VALUES (13,{ts '2016-08-11 14:05:23.866000000'},'RV12','http://localhost:8120','QUADROCOPTER','{"type":"FeatureCollection","properties":{"center":[13.140738706986015,47.84457825540742],"zoom":18,"layer":"No map"},"features":[{"type":"Feature","properties":{"maxAlt":60.0,"minAlt":0.0},"geometry":{"type":"Polygon","coordinates":[[[13.107348832839078,47.82212037330443],[13.107348832839078,47.867036137510404],[13.174128581132953,47.867036137510404],[13.174128581132953,47.82212037330443],[13.107348832839078,47.82212037330443]]]}},{"type":"Feature","properties":{"type":"depot"},"geometry":{"type":"Point","coordinates":[13.140738706986015,47.84457825540742]}}]}',0);
INSERT INTO REAL_VEHICLES (ID,LAST_UPDATE,NAME,URL,TYPE,AREA_OF_OPERATION,DELETED)
VALUES (17,{ts '2016-08-11 14:05:23.869000000'},'RV16','http://localhost:8160','QUADROCOPTER','{"type":"FeatureCollection","properties":{"center":[13.140738706986015,47.889494019613394],"zoom":18,"layer":"No map"},"features":[{"type":"Feature","properties":{"maxAlt":60.0,"minAlt":0.0},"geometry":{"type":"Polygon","coordinates":[[[13.107348832839078,47.867036137510404],[13.107348832839078,47.911951901716385],[13.174128581132953,47.911951901716385],[13.174128581132953,47.867036137510404],[13.107348832839078,47.867036137510404]]]}},{"type":"Feature","properties":{"type":"depot"},"geometry":{"type":"Point","coordinates":[13.140738706986015,47.889494019613394]}}]}',0);

INSERT INTO REAL_VEHICLES_SENSOR_DEFINITIONS (REAL_VEHICLES_ID,SENSORS_ID) VALUES ( 1, 9);
INSERT INTO REAL_VEHICLES_SENSOR_DEFINITIONS (REAL_VEHICLES_ID,SENSORS_ID) VALUES ( 2, 1);
INSERT INTO REAL_VEHICLES_SENSOR_DEFINITIONS (REAL_VEHICLES_ID,SENSORS_ID) VALUES ( 2, 5);
INSERT INTO REAL_VEHICLES_SENSOR_DEFINITIONS (REAL_VEHICLES_ID,SENSORS_ID) VALUES ( 2, 9);
INSERT INTO REAL_VEHICLES_SENSOR_DEFINITIONS (REAL_VEHICLES_ID,SENSORS_ID) VALUES ( 6, 1);
INSERT INTO REAL_VEHICLES_SENSOR_DEFINITIONS (REAL_VEHICLES_ID,SENSORS_ID) VALUES ( 6, 5);
INSERT INTO REAL_VEHICLES_SENSOR_DEFINITIONS (REAL_VEHICLES_ID,SENSORS_ID) VALUES ( 6, 9);
INSERT INTO REAL_VEHICLES_SENSOR_DEFINITIONS (REAL_VEHICLES_ID,SENSORS_ID) VALUES (10, 1);
INSERT INTO REAL_VEHICLES_SENSOR_DEFINITIONS (REAL_VEHICLES_ID,SENSORS_ID) VALUES (10, 5);
INSERT INTO REAL_VEHICLES_SENSOR_DEFINITIONS (REAL_VEHICLES_ID,SENSORS_ID) VALUES (10, 9);
INSERT INTO REAL_VEHICLES_SENSOR_DEFINITIONS (REAL_VEHICLES_ID,SENSORS_ID) VALUES (14, 1);
INSERT INTO REAL_VEHICLES_SENSOR_DEFINITIONS (REAL_VEHICLES_ID,SENSORS_ID) VALUES (14, 5);
INSERT INTO REAL_VEHICLES_SENSOR_DEFINITIONS (REAL_VEHICLES_ID,SENSORS_ID) VALUES (14, 9);
INSERT INTO REAL_VEHICLES_SENSOR_DEFINITIONS (REAL_VEHICLES_ID,SENSORS_ID) VALUES ( 3, 1);
INSERT INTO REAL_VEHICLES_SENSOR_DEFINITIONS (REAL_VEHICLES_ID,SENSORS_ID) VALUES ( 3, 5);
INSERT INTO REAL_VEHICLES_SENSOR_DEFINITIONS (REAL_VEHICLES_ID,SENSORS_ID) VALUES ( 3, 9);
INSERT INTO REAL_VEHICLES_SENSOR_DEFINITIONS (REAL_VEHICLES_ID,SENSORS_ID) VALUES ( 7, 1);
INSERT INTO REAL_VEHICLES_SENSOR_DEFINITIONS (REAL_VEHICLES_ID,SENSORS_ID) VALUES ( 7, 5);
INSERT INTO REAL_VEHICLES_SENSOR_DEFINITIONS (REAL_VEHICLES_ID,SENSORS_ID) VALUES ( 7, 9);
INSERT INTO REAL_VEHICLES_SENSOR_DEFINITIONS (REAL_VEHICLES_ID,SENSORS_ID) VALUES (11, 1);
INSERT INTO REAL_VEHICLES_SENSOR_DEFINITIONS (REAL_VEHICLES_ID,SENSORS_ID) VALUES (11, 5);
INSERT INTO REAL_VEHICLES_SENSOR_DEFINITIONS (REAL_VEHICLES_ID,SENSORS_ID) VALUES (11, 9);
INSERT INTO REAL_VEHICLES_SENSOR_DEFINITIONS (REAL_VEHICLES_ID,SENSORS_ID) VALUES (15, 1);
INSERT INTO REAL_VEHICLES_SENSOR_DEFINITIONS (REAL_VEHICLES_ID,SENSORS_ID) VALUES (15, 5);
INSERT INTO REAL_VEHICLES_SENSOR_DEFINITIONS (REAL_VEHICLES_ID,SENSORS_ID) VALUES (15, 9);
INSERT INTO REAL_VEHICLES_SENSOR_DEFINITIONS (REAL_VEHICLES_ID,SENSORS_ID) VALUES ( 4, 1);
INSERT INTO REAL_VEHICLES_SENSOR_DEFINITIONS (REAL_VEHICLES_ID,SENSORS_ID) VALUES ( 4, 5);
INSERT INTO REAL_VEHICLES_SENSOR_DEFINITIONS (REAL_VEHICLES_ID,SENSORS_ID) VALUES ( 4, 9);
INSERT INTO REAL_VEHICLES_SENSOR_DEFINITIONS (REAL_VEHICLES_ID,SENSORS_ID) VALUES ( 8, 1);
INSERT INTO REAL_VEHICLES_SENSOR_DEFINITIONS (REAL_VEHICLES_ID,SENSORS_ID) VALUES ( 8, 5);
INSERT INTO REAL_VEHICLES_SENSOR_DEFINITIONS (REAL_VEHICLES_ID,SENSORS_ID) VALUES ( 8, 9);
INSERT INTO REAL_VEHICLES_SENSOR_DEFINITIONS (REAL_VEHICLES_ID,SENSORS_ID) VALUES (12, 1);
INSERT INTO REAL_VEHICLES_SENSOR_DEFINITIONS (REAL_VEHICLES_ID,SENSORS_ID) VALUES (12, 5);
INSERT INTO REAL_VEHICLES_SENSOR_DEFINITIONS (REAL_VEHICLES_ID,SENSORS_ID) VALUES (12, 9);
INSERT INTO REAL_VEHICLES_SENSOR_DEFINITIONS (REAL_VEHICLES_ID,SENSORS_ID) VALUES (16, 1);
INSERT INTO REAL_VEHICLES_SENSOR_DEFINITIONS (REAL_VEHICLES_ID,SENSORS_ID) VALUES (16, 5);
INSERT INTO REAL_VEHICLES_SENSOR_DEFINITIONS (REAL_VEHICLES_ID,SENSORS_ID) VALUES (16, 9);
INSERT INTO REAL_VEHICLES_SENSOR_DEFINITIONS (REAL_VEHICLES_ID,SENSORS_ID) VALUES ( 5, 1);
INSERT INTO REAL_VEHICLES_SENSOR_DEFINITIONS (REAL_VEHICLES_ID,SENSORS_ID) VALUES ( 5, 5);
INSERT INTO REAL_VEHICLES_SENSOR_DEFINITIONS (REAL_VEHICLES_ID,SENSORS_ID) VALUES ( 5, 9);
INSERT INTO REAL_VEHICLES_SENSOR_DEFINITIONS (REAL_VEHICLES_ID,SENSORS_ID) VALUES ( 9, 1);
INSERT INTO REAL_VEHICLES_SENSOR_DEFINITIONS (REAL_VEHICLES_ID,SENSORS_ID) VALUES ( 9, 5);
INSERT INTO REAL_VEHICLES_SENSOR_DEFINITIONS (REAL_VEHICLES_ID,SENSORS_ID) VALUES ( 9, 9);
INSERT INTO REAL_VEHICLES_SENSOR_DEFINITIONS (REAL_VEHICLES_ID,SENSORS_ID) VALUES (13, 1);
INSERT INTO REAL_VEHICLES_SENSOR_DEFINITIONS (REAL_VEHICLES_ID,SENSORS_ID) VALUES (13, 5);
INSERT INTO REAL_VEHICLES_SENSOR_DEFINITIONS (REAL_VEHICLES_ID,SENSORS_ID) VALUES (13, 9);
INSERT INTO REAL_VEHICLES_SENSOR_DEFINITIONS (REAL_VEHICLES_ID,SENSORS_ID) VALUES (17, 1);
INSERT INTO REAL_VEHICLES_SENSOR_DEFINITIONS (REAL_VEHICLES_ID,SENSORS_ID) VALUES (17, 5);
INSERT INTO REAL_VEHICLES_SENSOR_DEFINITIONS (REAL_VEHICLES_ID,SENSORS_ID) VALUES (17, 9);

