

INSERT INTO "PUBLIC"."PARAMETER" (ID,NAME,SORT,VALUE) VALUES (1,'masterServerURI',2,'http://localhost:11311');
INSERT INTO "PUBLIC"."PARAMETER" (ID,NAME,SORT,VALUE) VALUES (2,'useInternalRosCore',1,'false');


INSERT INTO "PUBLIC"."TOPIC" (ID,MESSAGETYPE,NODETYPE,SUBPATH,ADAPTERCLASSNAME,CATEGORY) VALUES (1,'sensor_msgs/Image','PUBLISHER','image','at.uni_salzburg.cs.cpcc.ros.sensors.ImageSensorAdapter','CAMERA');
INSERT INTO "PUBLIC"."TOPIC" (ID,MESSAGETYPE,NODETYPE,SUBPATH,ADAPTERCLASSNAME,CATEGORY) VALUES (2,'sensor_msgs/CameraInfo','PUBLISHER','camera_info','at.uni_salzburg.cs.cpcc.ros.sensors.CameraInfoSensorAdapter','CAMERA_INFO');
INSERT INTO "PUBLIC"."TOPIC" (ID,MESSAGETYPE,NODETYPE,SUBPATH,ADAPTERCLASSNAME,CATEGORY) VALUES (3,'sensor_msgs/NavSatFix','PUBLISHER',null,'at.uni_salzburg.cs.cpcc.ros.sensors.GpsSensorAdapter','GPS_POSITION_PROVIDER');
INSERT INTO "PUBLIC"."TOPIC" (ID,MESSAGETYPE,NODETYPE,SUBPATH,ADAPTERCLASSNAME,CATEGORY) VALUES (4,'big_actor_msgs/LatLngAlt','SUBSCRIBER',null,'at.uni_salzburg.cs.cpcc.ros.actuators.SimpleWayPointControllerAdapter','WAYPOINT_CONTROLLER');
INSERT INTO "PUBLIC"."TOPIC" (ID,MESSAGETYPE,NODETYPE,SUBPATH,ADAPTERCLASSNAME,CATEGORY) VALUES (5,'sensor_msgs/NavSatFix','PUBLISHER','gps','at.uni_salzburg.cs.cpcc.ros.sensors.GpsSensorAdapter','GPS_POSITION_PROVIDER');
INSERT INTO "PUBLIC"."TOPIC" (ID,MESSAGETYPE,NODETYPE,SUBPATH,ADAPTERCLASSNAME,CATEGORY) VALUES (6,'big_actor_msgs/LatLngAlt','SUBSCRIBER','waypoint','at.uni_salzburg.cs.cpcc.ros.actuators.SimpleWayPointControllerAdapter','WAYPOINT_CONTROLLER');
INSERT INTO "PUBLIC"."TOPIC" (ID,MESSAGETYPE,NODETYPE,SUBPATH,ADAPTERCLASSNAME,CATEGORY) VALUES (7,'std_msgs/Float32','PUBLISHER','sonar','at.uni_salzburg.cs.cpcc.ros.sensors.AltimeterAdapter','ALTITUDE_OVER_GROUND');
INSERT INTO "PUBLIC"."TOPIC" (ID,MESSAGETYPE,NODETYPE,SUBPATH,ADAPTERCLASSNAME,CATEGORY) VALUES (8,'big_actor_msgs/LatLngAlt','SUBSCRIBER',null,'at.uni_salzburg.cs.cpcc.ros.actuators.MorseWayPointControllerAdapter','WAYPOINT_CONTROLLER');
INSERT INTO "PUBLIC"."TOPIC" (ID,MESSAGETYPE,NODETYPE,SUBPATH,ADAPTERCLASSNAME,CATEGORY) VALUES (9,'sensor_msgs/NavSatFix','PUBLISHER',null,'at.uni_salzburg.cs.cpcc.ros.sensors.MorseGpsSensorAdapter','GPS_POSITION_PROVIDER');
INSERT INTO "PUBLIC"."TOPIC" (ID,MESSAGETYPE,NODETYPE,SUBPATH,ADAPTERCLASSNAME,CATEGORY) VALUES (10,'std_msgs/Float32','PUBLISHER',null,'at.uni_salzburg.cs.cpcc.ros.sensors.AltimeterAdapter','ALTITUDE_OVER_GROUND');
INSERT INTO "PUBLIC"."TOPIC" (ID,MESSAGETYPE,NODETYPE,SUBPATH,ADAPTERCLASSNAME,CATEGORY) VALUES (11,'sensor_msgs/Image','PUBLISHER','image_raw','at.uni_salzburg.cs.cpcc.ros.sensors.ImageSensorAdapter','CAMERA');


INSERT INTO "PUBLIC"."DEVICETYPE" (ID,CLASSNAME,NAME,MAINTOPIC_ID) VALUES (1,'at.uni_salzburg.cs.cpcc.ros.sim.osm.NodeGroup','Simulated Belly Mounted Camera',1);
INSERT INTO "PUBLIC"."DEVICETYPE" (ID,CLASSNAME,NAME,MAINTOPIC_ID) VALUES (2,null,'GPS Receiver',3);
INSERT INTO "PUBLIC"."DEVICETYPE" (ID,CLASSNAME,NAME,MAINTOPIC_ID) VALUES (3,null,'Simple Waypoint Controller',4);
INSERT INTO "PUBLIC"."DEVICETYPE" (ID,CLASSNAME,NAME,MAINTOPIC_ID) VALUES (4,'at.uni_salzburg.cs.cpcc.ros.sim.quadrotor.NodeGroup','Simulated Quadrotor',6);
INSERT INTO "PUBLIC"."DEVICETYPE" (ID,CLASSNAME,NAME,MAINTOPIC_ID) VALUES (5,null,'Generic Camera',1);
INSERT INTO "PUBLIC"."DEVICETYPE" (ID,CLASSNAME,NAME,MAINTOPIC_ID) VALUES (6,null,'MORSE Waypoint Controller',8);
INSERT INTO "PUBLIC"."DEVICETYPE" (ID,CLASSNAME,NAME,MAINTOPIC_ID) VALUES (7,null,'MORSE GPS Receiver',9);
INSERT INTO "PUBLIC"."DEVICETYPE" (ID,CLASSNAME,NAME,MAINTOPIC_ID) VALUES (8,'at.uni_salzburg.cs.cpcc.ros.sim.SonarEmulator','Sonar Emulator',10);
INSERT INTO "PUBLIC"."DEVICETYPE" (ID,CLASSNAME,NAME,MAINTOPIC_ID) VALUES (9,null,'Generic RAW Camera',11);


INSERT INTO "PUBLIC"."DEVICETYPE_TOPIC" (DEVICETYPE_ID,SUBTOPICS_ID) VALUES (1,2);
INSERT INTO "PUBLIC"."DEVICETYPE_TOPIC" (DEVICETYPE_ID,SUBTOPICS_ID) VALUES (4,5);
INSERT INTO "PUBLIC"."DEVICETYPE_TOPIC" (DEVICETYPE_ID,SUBTOPICS_ID) VALUES (4,7);
INSERT INTO "PUBLIC"."DEVICETYPE_TOPIC" (DEVICETYPE_ID,SUBTOPICS_ID) VALUES (5,2);
INSERT INTO "PUBLIC"."DEVICETYPE_TOPIC" (DEVICETYPE_ID,SUBTOPICS_ID) VALUES (9,2);


INSERT INTO "PUBLIC"."DEVICE" (ID,CONFIGURATION,TOPICROOT,TYPE_ID) VALUES (16,'origin=(37.80806;-122.42661;0) maxVelocity=10 maxAcceleration=2 updateCycle=100 takeOffHeight=10 takeOffVelocity=1 takeOffAcceleration=1','/quad01',4);
INSERT INTO "PUBLIC"."DEVICE" (ID,CONFIGURATION,TOPICROOT,TYPE_ID) VALUES (19,'origin=(37.80806;-122.42661;0)','/mav01/waypoint',6);
INSERT INTO "PUBLIC"."DEVICE" (ID,CONFIGURATION,TOPICROOT,TYPE_ID) VALUES (20,'origin=(37.80806;-122.42661;0)','/mav01/gps',7);
INSERT INTO "PUBLIC"."DEVICE" (ID,CONFIGURATION,TOPICROOT,TYPE_ID) VALUES (21,'origin=471 gps=''/mav01/gps''','/mav02/sonar',8);
INSERT INTO "PUBLIC"."DEVICE" (ID,CONFIGURATION,TOPICROOT,TYPE_ID) VALUES (26,null,'/mav01/camera1',5);
INSERT INTO "PUBLIC"."DEVICE" (ID,CONFIGURATION,TOPICROOT,TYPE_ID) VALUES (27,'gps=''/quad01/gps'' osmZoomLevel=18 osmTileServerUrl=''http://khm1.google.com/kh/v=128&src=app&x=%2$d&y=%3$d&z=%1$d&s=Galileo''  cameraApertureAngle=2','/quad01/camera',1);
INSERT INTO "PUBLIC"."DEVICE" (ID,CONFIGURATION,TOPICROOT,TYPE_ID) VALUES (28,null,'/gscam',9);
INSERT INTO "PUBLIC"."DEVICE" (ID,CONFIGURATION,TOPICROOT,TYPE_ID) VALUES (29,'gps=''/mav01/gps'' osmZoomLevel=18 osmTileServerUrl=''http://khm1.google.com/kh/v=128&src=app&x=%2$d&y=%3$d&z=%1$d&s=Galileo'' origin=(37.80806;-122.42661;0) cameraApertureAngle=2','/mav01/camera2',5);


INSERT INTO "PUBLIC"."MAPPINGATTRIBUTES" (CONNECTEDTOAUTOPILOT,VVVISIBLE,TOPIC_ID,DEVICE_ID) VALUES (0,1,1,27);
INSERT INTO "PUBLIC"."MAPPINGATTRIBUTES" (CONNECTEDTOAUTOPILOT,VVVISIBLE,TOPIC_ID,DEVICE_ID) VALUES (0,0,2,27);
INSERT INTO "PUBLIC"."MAPPINGATTRIBUTES" (CONNECTEDTOAUTOPILOT,VVVISIBLE,TOPIC_ID,DEVICE_ID) VALUES (0,1,1,26);
INSERT INTO "PUBLIC"."MAPPINGATTRIBUTES" (CONNECTEDTOAUTOPILOT,VVVISIBLE,TOPIC_ID,DEVICE_ID) VALUES (0,0,2,26);
INSERT INTO "PUBLIC"."MAPPINGATTRIBUTES" (CONNECTEDTOAUTOPILOT,VVVISIBLE,TOPIC_ID,DEVICE_ID) VALUES (0,0,2,28);
INSERT INTO "PUBLIC"."MAPPINGATTRIBUTES" (CONNECTEDTOAUTOPILOT,VVVISIBLE,TOPIC_ID,DEVICE_ID) VALUES (0,1,11,28);
INSERT INTO "PUBLIC"."MAPPINGATTRIBUTES" (CONNECTEDTOAUTOPILOT,VVVISIBLE,TOPIC_ID,DEVICE_ID) VALUES (0,1,10,21);
INSERT INTO "PUBLIC"."MAPPINGATTRIBUTES" (CONNECTEDTOAUTOPILOT,VVVISIBLE,TOPIC_ID,DEVICE_ID) VALUES (0,1,9,20);
INSERT INTO "PUBLIC"."MAPPINGATTRIBUTES" (CONNECTEDTOAUTOPILOT,VVVISIBLE,TOPIC_ID,DEVICE_ID) VALUES (0,0,8,19);
INSERT INTO "PUBLIC"."MAPPINGATTRIBUTES" (CONNECTEDTOAUTOPILOT,VVVISIBLE,TOPIC_ID,DEVICE_ID) VALUES (0,0,1,29);
INSERT INTO "PUBLIC"."MAPPINGATTRIBUTES" (CONNECTEDTOAUTOPILOT,VVVISIBLE,TOPIC_ID,DEVICE_ID) VALUES (0,0,2,29);
INSERT INTO "PUBLIC"."MAPPINGATTRIBUTES" (CONNECTEDTOAUTOPILOT,VVVISIBLE,TOPIC_ID,DEVICE_ID) VALUES (1,1,7,16);
INSERT INTO "PUBLIC"."MAPPINGATTRIBUTES" (CONNECTEDTOAUTOPILOT,VVVISIBLE,TOPIC_ID,DEVICE_ID) VALUES (1,1,5,16);
INSERT INTO "PUBLIC"."MAPPINGATTRIBUTES" (CONNECTEDTOAUTOPILOT,VVVISIBLE,TOPIC_ID,DEVICE_ID) VALUES (1,0,6,16);
