

INSERT INTO SENSOR_DEFINITIONS (ID,DESCRIPTION,LAST_UPDATE,MESSAGE_TYPE,PARAMETERS,TYPE,VISIBILITY,DELETED) VALUES (1,'Altimeter',{ts '2015-08-10 21:42:59.702000000'},'std_msgs/Float32',null,'ALTIMETER','ALL_VV',0);
INSERT INTO SENSOR_DEFINITIONS (ID,DESCRIPTION,LAST_UPDATE,MESSAGE_TYPE,PARAMETERS,TYPE,VISIBILITY,DELETED) VALUES (2,'Area of Operations',{ts '2015-08-04 00:30:19.456000000'},'std_msgs/Float32',null,'AREA_OF_OPERATIONS','PRIVILEGED_VV',0);
INSERT INTO SENSOR_DEFINITIONS (ID,DESCRIPTION,LAST_UPDATE,MESSAGE_TYPE,PARAMETERS,TYPE,VISIBILITY,DELETED) VALUES (3,'Barometer',{ts '2015-08-04 00:30:20.195000000'},'std_msgs/Float32',null,'BAROMETER','ALL_VV',0);
INSERT INTO SENSOR_DEFINITIONS (ID,DESCRIPTION,LAST_UPDATE,MESSAGE_TYPE,PARAMETERS,TYPE,VISIBILITY,DELETED) VALUES (4,'Battery',{ts '2015-08-04 00:30:20.934000000'},'std_msgs/Float32',null,'BATTERY','PRIVILEGED_VV',0);
INSERT INTO SENSOR_DEFINITIONS (ID,DESCRIPTION,LAST_UPDATE,MESSAGE_TYPE,PARAMETERS,TYPE,VISIBILITY,DELETED) VALUES (5,'Belly Mounted Camera 640x480',{ts '2015-08-04 00:30:34.486000000'},'sensor_msgs/Image','width=640 height=480 yaw=0 down=1.571 alignment=''north''','CAMERA','ALL_VV',0);
INSERT INTO SENSOR_DEFINITIONS (ID,DESCRIPTION,LAST_UPDATE,MESSAGE_TYPE,PARAMETERS,TYPE,VISIBILITY,DELETED) VALUES (6,'FPV Camera 640x480',{ts '2015-08-04 00:30:22.931000000'},'sensor_msgs/Image','width=640 height=480 yaw=0 down=0 alignment=''heading''','CAMERA','ALL_VV',0);
INSERT INTO SENSOR_DEFINITIONS (ID,DESCRIPTION,LAST_UPDATE,MESSAGE_TYPE,PARAMETERS,TYPE,VISIBILITY,DELETED) VALUES (7,'CO2',{ts '2015-08-04 00:30:23.706000000'},'std_msgs/Float32',null,'CO2','ALL_VV',0);
INSERT INTO SENSOR_DEFINITIONS (ID,DESCRIPTION,LAST_UPDATE,MESSAGE_TYPE,PARAMETERS,TYPE,VISIBILITY,DELETED) VALUES (9,'GPS',{ts '2015-08-04 00:30:24.769000000'},'sensor_msgs/NavSatFix',null,'GPS','ALL_VV',0);
INSERT INTO SENSOR_DEFINITIONS (ID,DESCRIPTION,LAST_UPDATE,MESSAGE_TYPE,PARAMETERS,TYPE,VISIBILITY,DELETED) VALUES (10,'Hardware',{ts '2015-08-04 00:30:25.688000000'},'std_msgs/Float32',null,'HARDWARE','PRIVILEGED_VV',0);
INSERT INTO SENSOR_DEFINITIONS (ID,DESCRIPTION,LAST_UPDATE,MESSAGE_TYPE,PARAMETERS,TYPE,VISIBILITY,DELETED) VALUES (11,'NOx',{ts '2015-08-04 00:30:26.799000000'},'std_msgs/Float32',null,'NOX','ALL_VV',0);
INSERT INTO SENSOR_DEFINITIONS (ID,DESCRIPTION,LAST_UPDATE,MESSAGE_TYPE,PARAMETERS,TYPE,VISIBILITY,DELETED) VALUES (12,'Thermometer',{ts '2015-08-04 00:30:27.538000000'},'std_msgs/Float32',null,'THERMOMETER','ALL_VV',0);

INSERT INTO REAL_VEHICLES (ID,LAST_UPDATE,NAME,URL,TYPE,AREA_OF_OPERATION,DELETED) VALUES (1116035010,{ts '2016-01-30 15:38:26.244000000'},'GS01','http://localhost:8000','GROUND_STATION','{"type":"FeatureCollection","features":[{"type":"Feature","properties":{"type":"depot"},"geometry":{"type":"Point","coordinates":[13.040811717510222,47.821922207617014]}}],"properties":{"zoom":17,"center":{"lat":47.82150799099828,"lng":13.04150640964508},"layer":"No map"}}',0);
INSERT INTO REAL_VEHICLES (ID,LAST_UPDATE,NAME,URL,TYPE,AREA_OF_OPERATION,DELETED) VALUES (2083534377,{ts '2016-01-27 00:25:44.635000000'},'RV01','http://localhost:8010','QUADROCOPTER','{"type":"FeatureCollection","features":[{"type":"Feature","properties":{"minAlt":0,"maxAlt":60},"geometry":{"type":"Polygon","coordinates":[[[13.037455272729183,47.82289830824203],[13.038124229759232,47.82367624317964],[13.039462143819328,47.82367624317964],[13.040131100849377,47.82289830824204],[13.039462143819328,47.822120373304436],[13.038124229759232,47.822120373304436],[13.037455272729183,47.82289830824203]]]}},{"type":"Feature","properties":{"type":"depot"},"geometry":{"type":"Point","coordinates":[13.03879318678928,47.82289830824204]}}],"properties":{"zoom":17,"center":{"lat":47.82213831932347,"lng":13.041399121284485},"layer":"No map"}}',0);
INSERT INTO REAL_VEHICLES (ID,LAST_UPDATE,NAME,URL,TYPE,AREA_OF_OPERATION,DELETED) VALUES (399117194,{ts '2016-01-22 23:35:03.448000000'},'RV02','http://localhost:8020','QUADROCOPTER','{"type":"FeatureCollection","properties":{"center":{"lng":13.040800077929768,"lat":47.82367624317964},"zoom":18,"layer":"Minimal"},"features":[{"type":"Feature","properties":{"maxAlt":60,"minAlt":0},"geometry":{"type":"Polygon","coordinates":[[[13.039462143819328,47.82367624317964],[13.04013111087455,47.824454178117236],[13.041469044984993,47.824454178117236],[13.042138012040212,47.82367624317964],[13.041469044984993,47.82289830824204],[13.04013111087455,47.82289830824204],[13.039462143819328,47.82367624317964]]]}},{"type":"Feature","properties":{"type":"depot"},"geometry":{"type":"Point","coordinates":[13.040800077929768,47.82367624317964]}}]}',0);
INSERT INTO REAL_VEHICLES (ID,LAST_UPDATE,NAME,URL,TYPE,AREA_OF_OPERATION,DELETED) VALUES (1112324487,{ts '2016-01-22 23:29:25.158000000'},'RV03','http://localhost:8030','QUADROCOPTER','{"type":"FeatureCollection","properties":{"center":{"lng":13.042806928969572,"lat":47.82289830824204},"zoom":18,"layer":"Minimal"},"features":[{"type":"Feature","properties":{"maxAlt":60,"minAlt":0},"geometry":{"type":"Polygon","coordinates":[[[13.041469014909476,47.82289830824204],[13.042137971939525,47.82367624317964],[13.043475885999621,47.82367624317964],[13.04414484302967,47.82289830824204],[13.043475885999621,47.822120373304436],[13.042137971939525,47.822120373304436],[13.041469014909476,47.82289830824204]]]}},{"type":"Feature","properties":{"type":"depot"},"geometry":{"type":"Point","coordinates":[13.042806928969572,47.82289830824204]}}]}',0);
INSERT INTO REAL_VEHICLES (ID,LAST_UPDATE,NAME,URL,TYPE,AREA_OF_OPERATION,DELETED) VALUES (989802892,{ts '2016-01-22 23:29:42.906000000'},'RV04','http://localhost:8040','QUADROCOPTER','{"type":"FeatureCollection","properties":{"center":{"lng":13.042806888871423,"lat":47.82134243836684},"zoom":18,"layer":"Minimal"},"features":[{"type":"Feature","properties":{"maxAlt":60,"minAlt":0},"geometry":{"type":"Polygon","coordinates":[[[13.041469014909476,47.82134243836684],[13.042137951890451,47.82212037330443],[13.043475825852399,47.82212037330443],[13.044144762833373,47.82134243836684],[13.043475825852399,47.82056450342924],[13.042137951890451,47.82056450342924],[13.041469014909476,47.82134243836684]]]}},{"type":"Feature","properties":{"type":"depot"},"geometry":{"type":"Point","coordinates":[13.042806888871423,47.82134243836684]}}]}',0);
INSERT INTO REAL_VEHICLES (ID,LAST_UPDATE,NAME,URL,TYPE,AREA_OF_OPERATION,DELETED) VALUES (1605705752,{ts '2016-01-22 23:30:47.216000000'},'RV05','http://localhost:8050','QUADROCOPTER','{"type":"FeatureCollection","properties":{"center":{"lng":13.040799997733473,"lat":47.820564503429246},"zoom":18,"layer":"Minimal"},"features":[{"type":"Feature","properties":{"maxAlt":60,"minAlt":0},"geometry":{"type":"Polygon","coordinates":[[[13.039462143819328,47.820564503429246],[13.0401310707764,47.82134243836685],[13.041468924690548,47.82134243836685],[13.04213785164762,47.820564503429246],[13.041468924690548,47.81978656849166],[13.0401310707764,47.81978656849166],[13.039462143819328,47.820564503429246]]]}},{"type":"Feature","properties":{"type":"depot"},"geometry":{"type":"Point","coordinates":[13.040799997733473,47.820564503429246]}}]}',0);
INSERT INTO REAL_VEHICLES (ID,LAST_UPDATE,NAME,URL,TYPE,AREA_OF_OPERATION,DELETED) VALUES (1232793633,{ts '2016-01-22 23:31:04.268000000'},'RV06','http://localhost:8060','QUADROCOPTER','{"type":"FeatureCollection","properties":{"center":{"lng":13.03879314669113,"lat":47.82134243836684},"zoom":18,"layer":"Minimal"},"features":[{"type":"Feature","properties":{"maxAlt":60,"minAlt":0},"geometry":{"type":"Polygon","coordinates":[[[13.037455272729183,47.82134243836684],[13.038124209710158,47.82212037330443],[13.039462083672106,47.82212037330443],[13.040131020653082,47.82134243836684],[13.039462083672106,47.82056450342924],[13.038124209710158,47.82056450342924],[13.037455272729183,47.82134243836684]]]}},{"type":"Feature","properties":{"type":"depot"},"geometry":{"type":"Point","coordinates":[13.03879314669113,47.82134243836684]}}]}',0);
INSERT INTO REAL_VEHICLES (ID,LAST_UPDATE,NAME,URL,TYPE,AREA_OF_OPERATION,DELETED) VALUES (1582282187,{ts '2016-01-22 23:31:27.776000000'},'RV07','http://localhost:8070','QUADROCOPTER','{"type":"FeatureCollection","properties":{"center":{"lng":13.040800037829925,"lat":47.822120373304436},"zoom":18,"layer":"Minimal"},"features":[{"type":"Feature","properties":{"maxAlt":60,"minAlt":0},"geometry":{"type":"Polygon","coordinates":[[[13.039462143819328,47.822120373304436],[13.040131090824627,47.82289830824204],[13.041468984835227,47.82289830824204],[13.042137931840525,47.822120373304436],[13.041468984835227,47.82134243836684],[13.040131090824627,47.82134243836684],[13.039462143819328,47.822120373304436]]]}},{"type":"Feature","properties":{"type":"depot"},"geometry":{"type":"Point","coordinates":[13.040800037829925,47.822120373304436]}}]}',0);

INSERT INTO REAL_VEHICLES_SENSOR_DEFINITIONS (REAL_VEHICLES_ID,SENSORS_ID) VALUES (1116035010,9);
INSERT INTO REAL_VEHICLES_SENSOR_DEFINITIONS (REAL_VEHICLES_ID,SENSORS_ID) VALUES (2083534377,5);
INSERT INTO REAL_VEHICLES_SENSOR_DEFINITIONS (REAL_VEHICLES_ID,SENSORS_ID) VALUES (2083534377,9);
INSERT INTO REAL_VEHICLES_SENSOR_DEFINITIONS (REAL_VEHICLES_ID,SENSORS_ID) VALUES (2083534377,1);
INSERT INTO REAL_VEHICLES_SENSOR_DEFINITIONS (REAL_VEHICLES_ID,SENSORS_ID) VALUES (399117194,5);
INSERT INTO REAL_VEHICLES_SENSOR_DEFINITIONS (REAL_VEHICLES_ID,SENSORS_ID) VALUES (399117194,9);
INSERT INTO REAL_VEHICLES_SENSOR_DEFINITIONS (REAL_VEHICLES_ID,SENSORS_ID) VALUES (399117194,1);
INSERT INTO REAL_VEHICLES_SENSOR_DEFINITIONS (REAL_VEHICLES_ID,SENSORS_ID) VALUES (1112324487,5);
INSERT INTO REAL_VEHICLES_SENSOR_DEFINITIONS (REAL_VEHICLES_ID,SENSORS_ID) VALUES (1112324487,9);
INSERT INTO REAL_VEHICLES_SENSOR_DEFINITIONS (REAL_VEHICLES_ID,SENSORS_ID) VALUES (1112324487,1);
INSERT INTO REAL_VEHICLES_SENSOR_DEFINITIONS (REAL_VEHICLES_ID,SENSORS_ID) VALUES (989802892,5);
INSERT INTO REAL_VEHICLES_SENSOR_DEFINITIONS (REAL_VEHICLES_ID,SENSORS_ID) VALUES (989802892,9);
INSERT INTO REAL_VEHICLES_SENSOR_DEFINITIONS (REAL_VEHICLES_ID,SENSORS_ID) VALUES (989802892,1);
INSERT INTO REAL_VEHICLES_SENSOR_DEFINITIONS (REAL_VEHICLES_ID,SENSORS_ID) VALUES (1605705752,5);
INSERT INTO REAL_VEHICLES_SENSOR_DEFINITIONS (REAL_VEHICLES_ID,SENSORS_ID) VALUES (1605705752,9);
INSERT INTO REAL_VEHICLES_SENSOR_DEFINITIONS (REAL_VEHICLES_ID,SENSORS_ID) VALUES (1605705752,1);
INSERT INTO REAL_VEHICLES_SENSOR_DEFINITIONS (REAL_VEHICLES_ID,SENSORS_ID) VALUES (1232793633,5);
INSERT INTO REAL_VEHICLES_SENSOR_DEFINITIONS (REAL_VEHICLES_ID,SENSORS_ID) VALUES (1232793633,9);
INSERT INTO REAL_VEHICLES_SENSOR_DEFINITIONS (REAL_VEHICLES_ID,SENSORS_ID) VALUES (1232793633,1);
INSERT INTO REAL_VEHICLES_SENSOR_DEFINITIONS (REAL_VEHICLES_ID,SENSORS_ID) VALUES (1582282187,5);
INSERT INTO REAL_VEHICLES_SENSOR_DEFINITIONS (REAL_VEHICLES_ID,SENSORS_ID) VALUES (1582282187,9);
INSERT INTO REAL_VEHICLES_SENSOR_DEFINITIONS (REAL_VEHICLES_ID,SENSORS_ID) VALUES (1582282187,1);
